language,model,prompting_technique,category,uid,filename,path,source
bangla,gemini_2_5_flash,chain-of-thought,bangladesh,14,bangla_gemini_2_5_flash_chain-of-thought_bangladesh_14.txt,articles_today/bangla_gemini_2_5_flash_chain-of-thought_bangladesh_14.txt,ai
bangla,gemini_2_5_flash,chain-of-thought,bangladesh,15,bangla_gemini_2_5_flash_chain-of-thought_bangladesh_15.txt,articles_today/bangla_gemini_2_5_flash_chain-of-thought_bangladesh_15.txt,ai
bangla,gemini_2_5_flash,chain-of-thought,bangladesh,17,bangla_gemini_2_5_flash_chain-of-thought_bangladesh_17.txt,articles_today/bangla_gemini_2_5_flash_chain-of-thought_bangladesh_17.txt,ai
bangla,gemini_2_5_flash,chain-of-thought,bangladesh,26,bangla_gemini_2_5_flash_chain-of-thought_bangladesh_26.txt,articles_today/bangla_gemini_2_5_flash_chain-of-thought_bangladesh_26.txt,ai
bangla,gemini_2_5_flash,chain-of-thought,entertainment,3,bangla_gemini_2_5_flash_chain-of-thought_entertainment_3.txt,articles_today/bangla_gemini_2_5_flash_chain-of-thought_entertainment_3.txt,ai
bangla,gemini_2_5_flash,chain-of-thought,sports,3,bangla_gemini_2_5_flash_chain-of-thought_sports_3.txt,articles_today/bangla_gemini_2_5_flash_chain-of-thought_sports_3.txt,ai
bangla,gemini_2_5_flash,chain-of-thought,bangladesh,31,bangla_gemini_2_5_flash_chain-of-thought_bangladesh_31.txt,articles_today/bangla_gemini_2_5_flash_chain-of-thought_bangladesh_31.txt,ai
bangla,gemini_2_5_flash,chain-of-thought,entertainment,5,bangla_gemini_2_5_flash_chain-of-thought_entertainment_5.txt,articles_today/bangla_gemini_2_5_flash_chain-of-thought_entertainment_5.txt,ai
bangla,gemini_2_5_flash,chain-of-thought,sports,5,bangla_gemini_2_5_flash_chain-of-thought_sports_5.txt,articles_today/bangla_gemini_2_5_flash_chain-of-thought_sports_5.txt,ai
bangla,gemini_2_5_flash,chain-of-thought,bangladesh,8,bangla_gemini_2_5_flash_chain-of-thought_bangladesh_8.txt,articles_today/bangla_gemini_2_5_flash_chain-of-thought_bangladesh_8.txt,ai
bangla,gemini_2_5_pro,chain-of-thought,opinion,1,bangla_gemini_2_5_pro_chain-of-thought_opinion_1.txt,articles_today/bangla_gemini_2_5_pro_chain-of-thought_opinion_1.txt,ai
bangla,gemini_2_5_pro,chain-of-thought,bangladesh,11,bangla_gemini_2_5_pro_chain-of-thought_bangladesh_11.txt,articles_today/bangla_gemini_2_5_pro_chain-of-thought_bangladesh_11.txt,ai
bangla,gemini_2_5_pro,chain-of-thought,bangladesh,17,bangla_gemini_2_5_pro_chain-of-thought_bangladesh_17.txt,articles_today/bangla_gemini_2_5_pro_chain-of-thought_bangladesh_17.txt,ai
bangla,gemini_2_5_pro,chain-of-thought,bangladesh,18,bangla_gemini_2_5_pro_chain-of-thought_bangladesh_18.txt,articles_today/bangla_gemini_2_5_pro_chain-of-thought_bangladesh_18.txt,ai
bangla,gemini_2_5_pro,chain-of-thought,bangladesh,19,bangla_gemini_2_5_pro_chain-of-thought_bangladesh_19.txt,articles_today/bangla_gemini_2_5_pro_chain-of-thought_bangladesh_19.txt,ai
bangla,gemini_2_5_pro,chain-of-thought,bangladesh,2,bangla_gemini_2_5_pro_chain-of-thought_bangladesh_2.txt,articles_today/bangla_gemini_2_5_pro_chain-of-thought_bangladesh_2.txt,ai
bangla,gemini_2_5_pro,chain-of-thought,entertainment,5,bangla_gemini_2_5_pro_chain-of-thought_entertainment_5.txt,articles_today/bangla_gemini_2_5_pro_chain-of-thought_entertainment_5.txt,ai
bangla,gemini_2_5_pro,chain-of-thought,international,5,bangla_gemini_2_5_pro_chain-of-thought_international_5.txt,articles_today/bangla_gemini_2_5_pro_chain-of-thought_international_5.txt,ai
bangla,gemini_2_5_pro,chain-of-thought,bangladesh,6,bangla_gemini_2_5_pro_chain-of-thought_bangladesh_6.txt,articles_today/bangla_gemini_2_5_pro_chain-of-thought_bangladesh_6.txt,ai
bangla,gemini_2_5_pro,chain-of-thought,bangladesh,8,bangla_gemini_2_5_pro_chain-of-thought_bangladesh_8.txt,articles_today/bangla_gemini_2_5_pro_chain-of-thought_bangladesh_8.txt,ai
bangla,gemma_3_12b_it,chain-of-thought,technology,1,bangla_gemma_3_12b_it_chain-of-thought_technology_1.txt,articles_today/bangla_gemma_3_12b_it_chain-of-thought_technology_1.txt,ai
bangla,gemma_3_12b_it,chain-of-thought,sports,1,bangla_gemma_3_12b_it_chain-of-thought_sports_1.txt,articles_today/bangla_gemma_3_12b_it_chain-of-thought_sports_1.txt,ai
bangla,gemma_3_12b_it,chain-of-thought,bangladesh,12,bangla_gemma_3_12b_it_chain-of-thought_bangladesh_12.txt,articles_today/bangla_gemma_3_12b_it_chain-of-thought_bangladesh_12.txt,ai
bangla,gemma_3_12b_it,chain-of-thought,bangladesh,18,bangla_gemma_3_12b_it_chain-of-thought_bangladesh_18.txt,articles_today/bangla_gemma_3_12b_it_chain-of-thought_bangladesh_18.txt,ai
bangla,gemma_3_12b_it,chain-of-thought,bangladesh,19,bangla_gemma_3_12b_it_chain-of-thought_bangladesh_19.txt,articles_today/bangla_gemma_3_12b_it_chain-of-thought_bangladesh_19.txt,ai
bangla,gemma_3_12b_it,chain-of-thought,bangladesh,22,bangla_gemma_3_12b_it_chain-of-thought_bangladesh_22.txt,articles_today/bangla_gemma_3_12b_it_chain-of-thought_bangladesh_22.txt,ai
bangla,gemma_3_12b_it,chain-of-thought,bangladesh,24,bangla_gemma_3_12b_it_chain-of-thought_bangladesh_24.txt,articles_today/bangla_gemma_3_12b_it_chain-of-thought_bangladesh_24.txt,ai
bangla,gemma_3_12b_it,chain-of-thought,bangladesh,27,bangla_gemma_3_12b_it_chain-of-thought_bangladesh_27.txt,articles_today/bangla_gemma_3_12b_it_chain-of-thought_bangladesh_27.txt,ai
bangla,gemma_3_12b_it,chain-of-thought,bangladesh,28,bangla_gemma_3_12b_it_chain-of-thought_bangladesh_28.txt,articles_today/bangla_gemma_3_12b_it_chain-of-thought_bangladesh_28.txt,ai
bangla,gemma_3_12b_it,chain-of-thought,bangladesh,8,bangla_gemma_3_12b_it_chain-of-thought_bangladesh_8.txt,articles_today/bangla_gemma_3_12b_it_chain-of-thought_bangladesh_8.txt,ai
bangla,gpt_4o,chain-of-thought,bangladesh,00087,bangla_gpt_4o_chain-of-thought_bangladesh_00087.txt,articles_today/bangla_gpt_4o_chain-of-thought_bangladesh_00087.txt,ai
bangla,gpt_4o,chain-of-thought,bangladesh,00146,bangla_gpt_4o_chain-of-thought_bangladesh_00146.txt,articles_today/bangla_gpt_4o_chain-of-thought_bangladesh_00146.txt,ai
bangla,gpt_4o,chain-of-thought,bangladesh,02238,bangla_gpt_4o_chain-of-thought_bangladesh_02238.txt,articles_today/bangla_gpt_4o_chain-of-thought_bangladesh_02238.txt,ai
bangla,gpt_4o,chain-of-thought,education,02365,bangla_gpt_4o_chain-of-thought_education_02365.txt,articles_today/bangla_gpt_4o_chain-of-thought_education_02365.txt,ai
bangla,gpt_4o,chain-of-thought,entertainment,02872,bangla_gpt_4o_chain-of-thought_entertainment_02872.txt,articles_today/bangla_gpt_4o_chain-of-thought_entertainment_02872.txt,ai
bangla,gpt_4o,chain-of-thought,bangladesh,03257,bangla_gpt_4o_chain-of-thought_bangladesh_03257.txt,articles_today/bangla_gpt_4o_chain-of-thought_bangladesh_03257.txt,ai
bangla,gpt_4o,chain-of-thought,bangladesh,03643,bangla_gpt_4o_chain-of-thought_bangladesh_03643.txt,articles_today/bangla_gpt_4o_chain-of-thought_bangladesh_03643.txt,ai
bangla,gpt_4o,chain-of-thought,bangladesh,04836,bangla_gpt_4o_chain-of-thought_bangladesh_04836.txt,articles_today/bangla_gpt_4o_chain-of-thought_bangladesh_04836.txt,ai
bangla,gpt_4o,chain-of-thought,economy,05403,bangla_gpt_4o_chain-of-thought_economy_05403.txt,articles_today/bangla_gpt_4o_chain-of-thought_economy_05403.txt,ai
bangla,gpt_4o,chain-of-thought,bangladesh,05435,bangla_gpt_4o_chain-of-thought_bangladesh_05435.txt,articles_today/bangla_gpt_4o_chain-of-thought_bangladesh_05435.txt,ai
bangla,mistralai_Mistral_7B_Instruct_v0_2,chain-of-thought,bangladesh,00061,bangla_mistralai_Mistral_7B_Instruct_v0_2_chain-of-thought_bangladesh_00061.txt,articles_today/bangla_mistralai_Mistral_7B_Instruct_v0_2_chain-of-thought_bangladesh_00061.txt,ai
bangla,mistralai_Mistral_7B_Instruct_v0_2,chain-of-thought,bangladesh,01844,bangla_mistralai_Mistral_7B_Instruct_v0_2_chain-of-thought_bangladesh_01844.txt,articles_today/bangla_mistralai_Mistral_7B_Instruct_v0_2_chain-of-thought_bangladesh_01844.txt,ai
bangla,mistralai_Mistral_7B_Instruct_v0_2,chain-of-thought,bangladesh,01940,bangla_mistralai_Mistral_7B_Instruct_v0_2_chain-of-thought_bangladesh_01940.txt,articles_today/bangla_mistralai_Mistral_7B_Instruct_v0_2_chain-of-thought_bangladesh_01940.txt,ai
bangla,mistralai_Mistral_7B_Instruct_v0_2,chain-of-thought,bangladesh,02184,bangla_mistralai_Mistral_7B_Instruct_v0_2_chain-of-thought_bangladesh_02184.txt,articles_today/bangla_mistralai_Mistral_7B_Instruct_v0_2_chain-of-thought_bangladesh_02184.txt,ai
bangla,mistralai_Mistral_7B_Instruct_v0_2,chain-of-thought,bangladesh,02709,bangla_mistralai_Mistral_7B_Instruct_v0_2_chain-of-thought_bangladesh_02709.txt,articles_today/bangla_mistralai_Mistral_7B_Instruct_v0_2_chain-of-thought_bangladesh_02709.txt,ai
bangla,mistralai_Mistral_7B_Instruct_v0_2,chain-of-thought,bangladesh,03369,bangla_mistralai_Mistral_7B_Instruct_v0_2_chain-of-thought_bangladesh_03369.txt,articles_today/bangla_mistralai_Mistral_7B_Instruct_v0_2_chain-of-thought_bangladesh_03369.txt,ai
bangla,mistralai_Mistral_7B_Instruct_v0_2,chain-of-thought,sports,03796,bangla_mistralai_Mistral_7B_Instruct_v0_2_chain-of-thought_sports_03796.txt,articles_today/bangla_mistralai_Mistral_7B_Instruct_v0_2_chain-of-thought_sports_03796.txt,ai
bangla,mistralai_Mistral_7B_Instruct_v0_2,chain-of-thought,bangladesh,03898,bangla_mistralai_Mistral_7B_Instruct_v0_2_chain-of-thought_bangladesh_03898.txt,articles_today/bangla_mistralai_Mistral_7B_Instruct_v0_2_chain-of-thought_bangladesh_03898.txt,ai
bangla,mistralai_Mistral_7B_Instruct_v0_2,chain-of-thought,bangladesh,05270,bangla_mistralai_Mistral_7B_Instruct_v0_2_chain-of-thought_bangladesh_05270.txt,articles_today/bangla_mistralai_Mistral_7B_Instruct_v0_2_chain-of-thought_bangladesh_05270.txt,ai
bangla,mistralai_Mistral_7B_Instruct_v0_2,chain-of-thought,entertainment,3,bangla_mistralai_Mistral_7B_Instruct_v0_2_chain-of-thought_entertainment_3.txt,articles_today/bangla_mistralai_Mistral_7B_Instruct_v0_2_chain-of-thought_entertainment_3.txt,ai
bangla,gemini_2_5_flash,few-shot,opinion,1,bangla_gemini_2_5_flash_few-shot_opinion_1.txt,articles_today/bangla_gemini_2_5_flash_few-shot_opinion_1.txt,ai
bangla,gemini_2_5_flash,few-shot,bangladesh,10,bangla_gemini_2_5_flash_few-shot_bangladesh_10.txt,articles_today/bangla_gemini_2_5_flash_few-shot_bangladesh_10.txt,ai
bangla,gemini_2_5_flash,few-shot,bangladesh,13,bangla_gemini_2_5_flash_few-shot_bangladesh_13.txt,articles_today/bangla_gemini_2_5_flash_few-shot_bangladesh_13.txt,ai
bangla,gemini_2_5_flash,few-shot,bangladesh,15,bangla_gemini_2_5_flash_few-shot_bangladesh_15.txt,articles_today/bangla_gemini_2_5_flash_few-shot_bangladesh_15.txt,ai
bangla,gemini_2_5_flash,few-shot,entertainment,2,bangla_gemini_2_5_flash_few-shot_entertainment_2.txt,articles_today/bangla_gemini_2_5_flash_few-shot_entertainment_2.txt,ai
bangla,gemini_2_5_flash,few-shot,bangladesh,20,bangla_gemini_2_5_flash_few-shot_bangladesh_20.txt,articles_today/bangla_gemini_2_5_flash_few-shot_bangladesh_20.txt,ai
bangla,gemini_2_5_flash,few-shot,bangladesh,25,bangla_gemini_2_5_flash_few-shot_bangladesh_25.txt,articles_today/bangla_gemini_2_5_flash_few-shot_bangladesh_25.txt,ai
bangla,gemini_2_5_flash,few-shot,bangladesh,28,bangla_gemini_2_5_flash_few-shot_bangladesh_28.txt,articles_today/bangla_gemini_2_5_flash_few-shot_bangladesh_28.txt,ai
bangla,gemini_2_5_flash,few-shot,sports,4,bangla_gemini_2_5_flash_few-shot_sports_4.txt,articles_today/bangla_gemini_2_5_flash_few-shot_sports_4.txt,ai
bangla,gemini_2_5_flash,few-shot,bangladesh,7,bangla_gemini_2_5_flash_few-shot_bangladesh_7.txt,articles_today/bangla_gemini_2_5_flash_few-shot_bangladesh_7.txt,ai
bangla,gemini_2_5_pro,few-shot,opinion,1,bangla_gemini_2_5_pro_few-shot_opinion_1.txt,articles_today/bangla_gemini_2_5_pro_few-shot_opinion_1.txt,ai
bangla,gemini_2_5_pro,few-shot,bangladesh,10,bangla_gemini_2_5_pro_few-shot_bangladesh_10.txt,articles_today/bangla_gemini_2_5_pro_few-shot_bangladesh_10.txt,ai
bangla,gemini_2_5_pro,few-shot,bangladesh,16,bangla_gemini_2_5_pro_few-shot_bangladesh_16.txt,articles_today/bangla_gemini_2_5_pro_few-shot_bangladesh_16.txt,ai
bangla,gemini_2_5_pro,few-shot,education,2,bangla_gemini_2_5_pro_few-shot_education_2.txt,articles_today/bangla_gemini_2_5_pro_few-shot_education_2.txt,ai
bangla,gemini_2_5_pro,few-shot,bangladesh,22,bangla_gemini_2_5_pro_few-shot_bangladesh_22.txt,articles_today/bangla_gemini_2_5_pro_few-shot_bangladesh_22.txt,ai
bangla,gemini_2_5_pro,few-shot,bangladesh,27,bangla_gemini_2_5_pro_few-shot_bangladesh_27.txt,articles_today/bangla_gemini_2_5_pro_few-shot_bangladesh_27.txt,ai
bangla,gemini_2_5_pro,few-shot,entertainment,3,bangla_gemini_2_5_pro_few-shot_entertainment_3.txt,articles_today/bangla_gemini_2_5_pro_few-shot_entertainment_3.txt,ai
bangla,gemini_2_5_pro,few-shot,bangladesh,33,bangla_gemini_2_5_pro_few-shot_bangladesh_33.txt,articles_today/bangla_gemini_2_5_pro_few-shot_bangladesh_33.txt,ai
bangla,gemini_2_5_pro,few-shot,bangladesh,34,bangla_gemini_2_5_pro_few-shot_bangladesh_34.txt,articles_today/bangla_gemini_2_5_pro_few-shot_bangladesh_34.txt,ai
bangla,gemini_2_5_pro,few-shot,international,4,bangla_gemini_2_5_pro_few-shot_international_4.txt,articles_today/bangla_gemini_2_5_pro_few-shot_international_4.txt,ai
bangla,gemma_3_12b_it,few-shot,life_style,1,bangla_gemma_3_12b_it_few-shot_life_style_1.txt,articles_today/bangla_gemma_3_12b_it_few-shot_life_style_1.txt,ai
bangla,gemma_3_12b_it,few-shot,bangladesh,23,bangla_gemma_3_12b_it_few-shot_bangladesh_23.txt,articles_today/bangla_gemma_3_12b_it_few-shot_bangladesh_23.txt,ai
bangla,gemma_3_12b_it,few-shot,bangladesh,3,bangla_gemma_3_12b_it_few-shot_bangladesh_3.txt,articles_today/bangla_gemma_3_12b_it_few-shot_bangladesh_3.txt,ai
bangla,gemma_3_12b_it,few-shot,bangladesh,31,bangla_gemma_3_12b_it_few-shot_bangladesh_31.txt,articles_today/bangla_gemma_3_12b_it_few-shot_bangladesh_31.txt,ai
bangla,gemma_3_12b_it,few-shot,bangladesh,34,bangla_gemma_3_12b_it_few-shot_bangladesh_34.txt,articles_today/bangla_gemma_3_12b_it_few-shot_bangladesh_34.txt,ai
bangla,gemma_3_12b_it,few-shot,entertainment,4,bangla_gemma_3_12b_it_few-shot_entertainment_4.txt,articles_today/bangla_gemma_3_12b_it_few-shot_entertainment_4.txt,ai
bangla,gemma_3_12b_it,few-shot,bangladesh,5,bangla_gemma_3_12b_it_few-shot_bangladesh_5.txt,articles_today/bangla_gemma_3_12b_it_few-shot_bangladesh_5.txt,ai
bangla,gemma_3_12b_it,few-shot,sports,6,bangla_gemma_3_12b_it_few-shot_sports_6.txt,articles_today/bangla_gemma_3_12b_it_few-shot_sports_6.txt,ai
bangla,gemma_3_12b_it,few-shot,sports,7,bangla_gemma_3_12b_it_few-shot_sports_7.txt,articles_today/bangla_gemma_3_12b_it_few-shot_sports_7.txt,ai
bangla,gemma_3_12b_it,few-shot,bangladesh,9,bangla_gemma_3_12b_it_few-shot_bangladesh_9.txt,articles_today/bangla_gemma_3_12b_it_few-shot_bangladesh_9.txt,ai
bangla,gpt_4o,few-shot,bangladesh,00625,bangla_gpt_4o_few-shot_bangladesh_00625.txt,articles_today/bangla_gpt_4o_few-shot_bangladesh_00625.txt,ai
bangla,gpt_4o,few-shot,sports,01240,bangla_gpt_4o_few-shot_sports_01240.txt,articles_today/bangla_gpt_4o_few-shot_sports_01240.txt,ai
bangla,gpt_4o,few-shot,bangladesh,02006,bangla_gpt_4o_few-shot_bangladesh_02006.txt,articles_today/bangla_gpt_4o_few-shot_bangladesh_02006.txt,ai
bangla,gpt_4o,few-shot,bangladesh,02612,bangla_gpt_4o_few-shot_bangladesh_02612.txt,articles_today/bangla_gpt_4o_few-shot_bangladesh_02612.txt,ai
bangla,gpt_4o,few-shot,sports,03501,bangla_gpt_4o_few-shot_sports_03501.txt,articles_today/bangla_gpt_4o_few-shot_sports_03501.txt,ai
bangla,gpt_4o,few-shot,bangladesh,04122,bangla_gpt_4o_few-shot_bangladesh_04122.txt,articles_today/bangla_gpt_4o_few-shot_bangladesh_04122.txt,ai
bangla,gpt_4o,few-shot,bangladesh,05916,bangla_gpt_4o_few-shot_bangladesh_05916.txt,articles_today/bangla_gpt_4o_few-shot_bangladesh_05916.txt,ai
bangla,gpt_4o,few-shot,bangladesh,06768,bangla_gpt_4o_few-shot_bangladesh_06768.txt,articles_today/bangla_gpt_4o_few-shot_bangladesh_06768.txt,ai
bangla,gpt_4o,few-shot,opinion,1,bangla_gpt_4o_few-shot_opinion_1.txt,articles_today/bangla_gpt_4o_few-shot_opinion_1.txt,ai
bangla,gpt_4o,few-shot,technology,2,bangla_gpt_4o_few-shot_technology_2.txt,articles_today/bangla_gpt_4o_few-shot_technology_2.txt,ai
bangla,mistralai_Mistral_7B_Instruct_v0_2,few-shot,bangladesh,00160,bangla_mistralai_Mistral_7B_Instruct_v0_2_few-shot_bangladesh_00160.txt,articles_today/bangla_mistralai_Mistral_7B_Instruct_v0_2_few-shot_bangladesh_00160.txt,ai
bangla,mistralai_Mistral_7B_Instruct_v0_2,few-shot,entertainment,00520,bangla_mistralai_Mistral_7B_Instruct_v0_2_few-shot_entertainment_00520.txt,articles_today/bangla_mistralai_Mistral_7B_Instruct_v0_2_few-shot_entertainment_00520.txt,ai
bangla,mistralai_Mistral_7B_Instruct_v0_2,few-shot,bangladesh,01325,bangla_mistralai_Mistral_7B_Instruct_v0_2_few-shot_bangladesh_01325.txt,articles_today/bangla_mistralai_Mistral_7B_Instruct_v0_2_few-shot_bangladesh_01325.txt,ai
bangla,mistralai_Mistral_7B_Instruct_v0_2,few-shot,bangladesh,02448,bangla_mistralai_Mistral_7B_Instruct_v0_2_few-shot_bangladesh_02448.txt,articles_today/bangla_mistralai_Mistral_7B_Instruct_v0_2_few-shot_bangladesh_02448.txt,ai
bangla,mistralai_Mistral_7B_Instruct_v0_2,few-shot,education,02553,bangla_mistralai_Mistral_7B_Instruct_v0_2_few-shot_education_02553.txt,articles_today/bangla_mistralai_Mistral_7B_Instruct_v0_2_few-shot_education_02553.txt,ai
bangla,mistralai_Mistral_7B_Instruct_v0_2,few-shot,bangladesh,04131,bangla_mistralai_Mistral_7B_Instruct_v0_2_few-shot_bangladesh_04131.txt,articles_today/bangla_mistralai_Mistral_7B_Instruct_v0_2_few-shot_bangladesh_04131.txt,ai
bangla,mistralai_Mistral_7B_Instruct_v0_2,few-shot,entertainment,04660,bangla_mistralai_Mistral_7B_Instruct_v0_2_few-shot_entertainment_04660.txt,articles_today/bangla_mistralai_Mistral_7B_Instruct_v0_2_few-shot_entertainment_04660.txt,ai
bangla,mistralai_Mistral_7B_Instruct_v0_2,few-shot,bangladesh,05190,bangla_mistralai_Mistral_7B_Instruct_v0_2_few-shot_bangladesh_05190.txt,articles_today/bangla_mistralai_Mistral_7B_Instruct_v0_2_few-shot_bangladesh_05190.txt,ai
bangla,mistralai_Mistral_7B_Instruct_v0_2,few-shot,bangladesh,05896,bangla_mistralai_Mistral_7B_Instruct_v0_2_few-shot_bangladesh_05896.txt,articles_today/bangla_mistralai_Mistral_7B_Instruct_v0_2_few-shot_bangladesh_05896.txt,ai
bangla,mistralai_Mistral_7B_Instruct_v0_2,few-shot,economy,07041,bangla_mistralai_Mistral_7B_Instruct_v0_2_few-shot_economy_07041.txt,articles_today/bangla_mistralai_Mistral_7B_Instruct_v0_2_few-shot_economy_07041.txt,ai
bangla,gemini_2_5_flash,zero-shot,bangladesh,1,bangla_gemini_2_5_flash_zero-shot_bangladesh_1.txt,articles_today/bangla_gemini_2_5_flash_zero-shot_bangladesh_1.txt,ai
bangla,gemini_2_5_flash,zero-shot,technology,2,bangla_gemini_2_5_flash_zero-shot_technology_2.txt,articles_today/bangla_gemini_2_5_flash_zero-shot_technology_2.txt,ai
bangla,gemini_2_5_flash,zero-shot,bangladesh,26,bangla_gemini_2_5_flash_zero-shot_bangladesh_26.txt,articles_today/bangla_gemini_2_5_flash_zero-shot_bangladesh_26.txt,ai
bangla,gemini_2_5_flash,zero-shot,bangladesh,27,bangla_gemini_2_5_flash_zero-shot_bangladesh_27.txt,articles_today/bangla_gemini_2_5_flash_zero-shot_bangladesh_27.txt,ai
bangla,gemini_2_5_flash,zero-shot,bangladesh,29,bangla_gemini_2_5_flash_zero-shot_bangladesh_29.txt,articles_today/bangla_gemini_2_5_flash_zero-shot_bangladesh_29.txt,ai
bangla,gemini_2_5_flash,zero-shot,sports,3,bangla_gemini_2_5_flash_zero-shot_sports_3.txt,articles_today/bangla_gemini_2_5_flash_zero-shot_sports_3.txt,ai
bangla,gemini_2_5_flash,zero-shot,bangladesh,34,bangla_gemini_2_5_flash_zero-shot_bangladesh_34.txt,articles_today/bangla_gemini_2_5_flash_zero-shot_bangladesh_34.txt,ai
bangla,gemini_2_5_flash,zero-shot,bangladesh,4,bangla_gemini_2_5_flash_zero-shot_bangladesh_4.txt,articles_today/bangla_gemini_2_5_flash_zero-shot_bangladesh_4.txt,ai
bangla,gemini_2_5_flash,zero-shot,sports,5,bangla_gemini_2_5_flash_zero-shot_sports_5.txt,articles_today/bangla_gemini_2_5_flash_zero-shot_sports_5.txt,ai
bangla,gemini_2_5_flash,zero-shot,international,5,bangla_gemini_2_5_flash_zero-shot_international_5.txt,articles_today/bangla_gemini_2_5_flash_zero-shot_international_5.txt,ai
bangla,gemini_2_5_pro,zero-shot,economy,1,bangla_gemini_2_5_pro_zero-shot_economy_1.txt,articles_today/bangla_gemini_2_5_pro_zero-shot_economy_1.txt,ai
bangla,gemini_2_5_pro,zero-shot,bangladesh,15,bangla_gemini_2_5_pro_zero-shot_bangladesh_15.txt,articles_today/bangla_gemini_2_5_pro_zero-shot_bangladesh_15.txt,ai
bangla,gemini_2_5_pro,zero-shot,bangladesh,16,bangla_gemini_2_5_pro_zero-shot_bangladesh_16.txt,articles_today/bangla_gemini_2_5_pro_zero-shot_bangladesh_16.txt,ai
bangla,gemini_2_5_pro,zero-shot,opinion,2,bangla_gemini_2_5_pro_zero-shot_opinion_2.txt,articles_today/bangla_gemini_2_5_pro_zero-shot_opinion_2.txt,ai
bangla,gemini_2_5_pro,zero-shot,sports,2,bangla_gemini_2_5_pro_zero-shot_sports_2.txt,articles_today/bangla_gemini_2_5_pro_zero-shot_sports_2.txt,ai
bangla,gemini_2_5_pro,zero-shot,bangladesh,2,bangla_gemini_2_5_pro_zero-shot_bangladesh_2.txt,articles_today/bangla_gemini_2_5_pro_zero-shot_bangladesh_2.txt,ai
bangla,gemini_2_5_pro,zero-shot,bangladesh,30,bangla_gemini_2_5_pro_zero-shot_bangladesh_30.txt,articles_today/bangla_gemini_2_5_pro_zero-shot_bangladesh_30.txt,ai
bangla,gemini_2_5_pro,zero-shot,bangladesh,32,bangla_gemini_2_5_pro_zero-shot_bangladesh_32.txt,articles_today/bangla_gemini_2_5_pro_zero-shot_bangladesh_32.txt,ai
bangla,gemini_2_5_pro,zero-shot,bangladesh,33,bangla_gemini_2_5_pro_zero-shot_bangladesh_33.txt,articles_today/bangla_gemini_2_5_pro_zero-shot_bangladesh_33.txt,ai
bangla,gemini_2_5_pro,zero-shot,sports,5,bangla_gemini_2_5_pro_zero-shot_sports_5.txt,articles_today/bangla_gemini_2_5_pro_zero-shot_sports_5.txt,ai
bangla,gemma_3_12b_it,zero-shot,sports,1,bangla_gemma_3_12b_it_zero-shot_sports_1.txt,articles_today/bangla_gemma_3_12b_it_zero-shot_sports_1.txt,ai
bangla,gemma_3_12b_it,zero-shot,opinion,1,bangla_gemma_3_12b_it_zero-shot_opinion_1.txt,articles_today/bangla_gemma_3_12b_it_zero-shot_opinion_1.txt,ai
bangla,gemma_3_12b_it,zero-shot,bangladesh,16,bangla_gemma_3_12b_it_zero-shot_bangladesh_16.txt,articles_today/bangla_gemma_3_12b_it_zero-shot_bangladesh_16.txt,ai
bangla,gemma_3_12b_it,zero-shot,entertainment,2,bangla_gemma_3_12b_it_zero-shot_entertainment_2.txt,articles_today/bangla_gemma_3_12b_it_zero-shot_entertainment_2.txt,ai
bangla,gemma_3_12b_it,zero-shot,bangladesh,21,bangla_gemma_3_12b_it_zero-shot_bangladesh_21.txt,articles_today/bangla_gemma_3_12b_it_zero-shot_bangladesh_21.txt,ai
bangla,gemma_3_12b_it,zero-shot,bangladesh,25,bangla_gemma_3_12b_it_zero-shot_bangladesh_25.txt,articles_today/bangla_gemma_3_12b_it_zero-shot_bangladesh_25.txt,ai
bangla,gemma_3_12b_it,zero-shot,bangladesh,27,bangla_gemma_3_12b_it_zero-shot_bangladesh_27.txt,articles_today/bangla_gemma_3_12b_it_zero-shot_bangladesh_27.txt,ai
bangla,gemma_3_12b_it,zero-shot,international,3,bangla_gemma_3_12b_it_zero-shot_international_3.txt,articles_today/bangla_gemma_3_12b_it_zero-shot_international_3.txt,ai
bangla,gemma_3_12b_it,zero-shot,sports,3,bangla_gemma_3_12b_it_zero-shot_sports_3.txt,articles_today/bangla_gemma_3_12b_it_zero-shot_sports_3.txt,ai
bangla,gemma_3_12b_it,zero-shot,bangladesh,34,bangla_gemma_3_12b_it_zero-shot_bangladesh_34.txt,articles_today/bangla_gemma_3_12b_it_zero-shot_bangladesh_34.txt,ai
bangla,gpt_4o,zero-shot,bangladesh,02174,bangla_gpt_4o_zero-shot_bangladesh_02174.txt,articles_today/bangla_gpt_4o_zero-shot_bangladesh_02174.txt,ai
bangla,gpt_4o,zero-shot,bangladesh,02207,bangla_gpt_4o_zero-shot_bangladesh_02207.txt,articles_today/bangla_gpt_4o_zero-shot_bangladesh_02207.txt,ai
bangla,gpt_4o,zero-shot,entertainment,02759,bangla_gpt_4o_zero-shot_entertainment_02759.txt,articles_today/bangla_gpt_4o_zero-shot_entertainment_02759.txt,ai
bangla,gpt_4o,zero-shot,bangladesh,03197,bangla_gpt_4o_zero-shot_bangladesh_03197.txt,articles_today/bangla_gpt_4o_zero-shot_bangladesh_03197.txt,ai
bangla,gpt_4o,zero-shot,entertainment,03282,bangla_gpt_4o_zero-shot_entertainment_03282.txt,articles_today/bangla_gpt_4o_zero-shot_entertainment_03282.txt,ai
bangla,gpt_4o,zero-shot,bangladesh,03447,bangla_gpt_4o_zero-shot_bangladesh_03447.txt,articles_today/bangla_gpt_4o_zero-shot_bangladesh_03447.txt,ai
bangla,gpt_4o,zero-shot,bangladesh,04344,bangla_gpt_4o_zero-shot_bangladesh_04344.txt,articles_today/bangla_gpt_4o_zero-shot_bangladesh_04344.txt,ai
bangla,gpt_4o,zero-shot,bangladesh,04853,bangla_gpt_4o_zero-shot_bangladesh_04853.txt,articles_today/bangla_gpt_4o_zero-shot_bangladesh_04853.txt,ai
bangla,gpt_4o,zero-shot,sports,06466,bangla_gpt_4o_zero-shot_sports_06466.txt,articles_today/bangla_gpt_4o_zero-shot_sports_06466.txt,ai
bangla,gpt_4o,zero-shot,economy,06693,bangla_gpt_4o_zero-shot_economy_06693.txt,articles_today/bangla_gpt_4o_zero-shot_economy_06693.txt,ai
bangla,mistralai_Mistral_7B_Instruct_v0_2,zero-shot,sports,00174,bangla_mistralai_Mistral_7B_Instruct_v0_2_zero-shot_sports_00174.txt,articles_today/bangla_mistralai_Mistral_7B_Instruct_v0_2_zero-shot_sports_00174.txt,ai
bangla,mistralai_Mistral_7B_Instruct_v0_2,zero-shot,bangladesh,00228,bangla_mistralai_Mistral_7B_Instruct_v0_2_zero-shot_bangladesh_00228.txt,articles_today/bangla_mistralai_Mistral_7B_Instruct_v0_2_zero-shot_bangladesh_00228.txt,ai
bangla,mistralai_Mistral_7B_Instruct_v0_2,zero-shot,bangladesh,02255,bangla_mistralai_Mistral_7B_Instruct_v0_2_zero-shot_bangladesh_02255.txt,articles_today/bangla_mistralai_Mistral_7B_Instruct_v0_2_zero-shot_bangladesh_02255.txt,ai
bangla,mistralai_Mistral_7B_Instruct_v0_2,zero-shot,entertainment,03053,bangla_mistralai_Mistral_7B_Instruct_v0_2_zero-shot_entertainment_03053.txt,articles_today/bangla_mistralai_Mistral_7B_Instruct_v0_2_zero-shot_entertainment_03053.txt,ai
bangla,mistralai_Mistral_7B_Instruct_v0_2,zero-shot,sports,04957,bangla_mistralai_Mistral_7B_Instruct_v0_2_zero-shot_sports_04957.txt,articles_today/bangla_mistralai_Mistral_7B_Instruct_v0_2_zero-shot_sports_04957.txt,ai
bangla,mistralai_Mistral_7B_Instruct_v0_2,zero-shot,bangladesh,05496,bangla_mistralai_Mistral_7B_Instruct_v0_2_zero-shot_bangladesh_05496.txt,articles_today/bangla_mistralai_Mistral_7B_Instruct_v0_2_zero-shot_bangladesh_05496.txt,ai
bangla,mistralai_Mistral_7B_Instruct_v0_2,zero-shot,bangladesh,05879,bangla_mistralai_Mistral_7B_Instruct_v0_2_zero-shot_bangladesh_05879.txt,articles_today/bangla_mistralai_Mistral_7B_Instruct_v0_2_zero-shot_bangladesh_05879.txt,ai
bangla,mistralai_Mistral_7B_Instruct_v0_2,zero-shot,bangladesh,06444,bangla_mistralai_Mistral_7B_Instruct_v0_2_zero-shot_bangladesh_06444.txt,articles_today/bangla_mistralai_Mistral_7B_Instruct_v0_2_zero-shot_bangladesh_06444.txt,ai
bangla,mistralai_Mistral_7B_Instruct_v0_2,zero-shot,international,1,bangla_mistralai_Mistral_7B_Instruct_v0_2_zero-shot_international_1.txt,articles_today/bangla_mistralai_Mistral_7B_Instruct_v0_2_zero-shot_international_1.txt,ai
bangla,mistralai_Mistral_7B_Instruct_v0_2,zero-shot,sports,6,bangla_mistralai_Mistral_7B_Instruct_v0_2_zero-shot_sports_6.txt,articles_today/bangla_mistralai_Mistral_7B_Instruct_v0_2_zero-shot_sports_6.txt,ai
hindi,gemini_2_5_flash,chain-of-thought,मन_र_जन,1,hindi_gemini_2_5_flash_chain-of-thought_मन_र_जन_1.txt,articles_today/hindi_gemini_2_5_flash_chain-of-thought_मन_र_जन_1.txt,ai
hindi,gemini_2_5_flash,chain-of-thought,व_ज_ञ_न,10,hindi_gemini_2_5_flash_chain-of-thought_व_ज_ञ_न_10.txt,articles_today/hindi_gemini_2_5_flash_chain-of-thought_व_ज_ञ_न_10.txt,ai
hindi,gemini_2_5_flash,chain-of-thought,व_द_श,2,hindi_gemini_2_5_flash_chain-of-thought_व_द_श_2.txt,articles_today/hindi_gemini_2_5_flash_chain-of-thought_व_द_श_2.txt,ai
hindi,gemini_2_5_flash,chain-of-thought,व_ज_ञ_न,4,hindi_gemini_2_5_flash_chain-of-thought_व_ज_ञ_न_4.txt,articles_today/hindi_gemini_2_5_flash_chain-of-thought_व_ज_ञ_न_4.txt,ai
hindi,gemini_2_5_flash,chain-of-thought,व_द_श,6,hindi_gemini_2_5_flash_chain-of-thought_व_द_श_6.txt,articles_today/hindi_gemini_2_5_flash_chain-of-thought_व_द_श_6.txt,ai
hindi,gemini_2_5_flash,chain-of-thought,ख_ल,6,hindi_gemini_2_5_flash_chain-of-thought_ख_ल_6.txt,articles_today/hindi_gemini_2_5_flash_chain-of-thought_ख_ल_6.txt,ai
hindi,gemini_2_5_flash,chain-of-thought,भ_रत,7,hindi_gemini_2_5_flash_chain-of-thought_भ_रत_7.txt,articles_today/hindi_gemini_2_5_flash_chain-of-thought_भ_रत_7.txt,ai
hindi,gemini_2_5_flash,chain-of-thought,व_द_श,8,hindi_gemini_2_5_flash_chain-of-thought_व_द_श_8.txt,articles_today/hindi_gemini_2_5_flash_chain-of-thought_व_द_श_8.txt,ai
hindi,gemini_2_5_flash,chain-of-thought,ख_ल,8,hindi_gemini_2_5_flash_chain-of-thought_ख_ल_8.txt,articles_today/hindi_gemini_2_5_flash_chain-of-thought_ख_ल_8.txt,ai
hindi,gemini_2_5_flash,chain-of-thought,व_द_श,9,hindi_gemini_2_5_flash_chain-of-thought_व_द_श_9.txt,articles_today/hindi_gemini_2_5_flash_chain-of-thought_व_द_श_9.txt,ai
hindi,gemini_2_5_pro,chain-of-thought,व_ज_ञ_न,11,hindi_gemini_2_5_pro_chain-of-thought_व_ज_ञ_न_11.txt,articles_today/hindi_gemini_2_5_pro_chain-of-thought_व_ज_ञ_न_11.txt,ai
hindi,gemini_2_5_pro,chain-of-thought,भ_रत,12,hindi_gemini_2_5_pro_chain-of-thought_भ_रत_12.txt,articles_today/hindi_gemini_2_5_pro_chain-of-thought_भ_रत_12.txt,ai
hindi,gemini_2_5_pro,chain-of-thought,व_द_श,2,hindi_gemini_2_5_pro_chain-of-thought_व_द_श_2.txt,articles_today/hindi_gemini_2_5_pro_chain-of-thought_व_द_श_2.txt,ai
hindi,gemini_2_5_pro,chain-of-thought,स_शल,3,hindi_gemini_2_5_pro_chain-of-thought_स_शल_3.txt,articles_today/hindi_gemini_2_5_pro_chain-of-thought_स_शल_3.txt,ai
hindi,gemini_2_5_pro,chain-of-thought,व_ज_ञ_न,3,hindi_gemini_2_5_pro_chain-of-thought_व_ज_ञ_न_3.txt,articles_today/hindi_gemini_2_5_pro_chain-of-thought_व_ज_ञ_न_3.txt,ai
hindi,gemini_2_5_pro,chain-of-thought,ख_ल,7,hindi_gemini_2_5_pro_chain-of-thought_ख_ल_7.txt,articles_today/hindi_gemini_2_5_pro_chain-of-thought_ख_ल_7.txt,ai
hindi,gemini_2_5_pro,chain-of-thought,व_ज_ञ_न,7,hindi_gemini_2_5_pro_chain-of-thought_व_ज_ञ_न_7.txt,articles_today/hindi_gemini_2_5_pro_chain-of-thought_व_ज_ञ_न_7.txt,ai
hindi,gemini_2_5_pro,chain-of-thought,भ_रत,7,hindi_gemini_2_5_pro_chain-of-thought_भ_रत_7.txt,articles_today/hindi_gemini_2_5_pro_chain-of-thought_भ_रत_7.txt,ai
hindi,gemini_2_5_pro,chain-of-thought,व_ज_ञ_न,8,hindi_gemini_2_5_pro_chain-of-thought_व_ज_ञ_न_8.txt,articles_today/hindi_gemini_2_5_pro_chain-of-thought_व_ज_ञ_न_8.txt,ai
hindi,gemini_2_5_pro,chain-of-thought,भ_रत,8,hindi_gemini_2_5_pro_chain-of-thought_भ_रत_8.txt,articles_today/hindi_gemini_2_5_pro_chain-of-thought_भ_रत_8.txt,ai
hindi,gemma_3_12b_it,chain-of-thought,मन_र_जन,1,hindi_gemma_3_12b_it_chain-of-thought_मन_र_जन_1.txt,articles_today/hindi_gemma_3_12b_it_chain-of-thought_मन_र_जन_1.txt,ai
hindi,gemma_3_12b_it,chain-of-thought,व_द_श,2,hindi_gemma_3_12b_it_chain-of-thought_व_द_श_2.txt,articles_today/hindi_gemma_3_12b_it_chain-of-thought_व_द_श_2.txt,ai
hindi,gemma_3_12b_it,chain-of-thought,स_शल,2,hindi_gemma_3_12b_it_chain-of-thought_स_शल_2.txt,articles_today/hindi_gemma_3_12b_it_chain-of-thought_स_शल_2.txt,ai
hindi,gemma_3_12b_it,chain-of-thought,भ_रत,4,hindi_gemma_3_12b_it_chain-of-thought_भ_रत_4.txt,articles_today/hindi_gemma_3_12b_it_chain-of-thought_भ_रत_4.txt,ai
hindi,gemma_3_12b_it,chain-of-thought,स_शल,4,hindi_gemma_3_12b_it_chain-of-thought_स_शल_4.txt,articles_today/hindi_gemma_3_12b_it_chain-of-thought_स_शल_4.txt,ai
hindi,gemma_3_12b_it,chain-of-thought,मन_र_जन,5,hindi_gemma_3_12b_it_chain-of-thought_मन_र_जन_5.txt,articles_today/hindi_gemma_3_12b_it_chain-of-thought_मन_र_जन_5.txt,ai
hindi,gemma_3_12b_it,chain-of-thought,ख_ल,5,hindi_gemma_3_12b_it_chain-of-thought_ख_ल_5.txt,articles_today/hindi_gemma_3_12b_it_chain-of-thought_ख_ल_5.txt,ai
hindi,gemma_3_12b_it,chain-of-thought,ख_ल,6,hindi_gemma_3_12b_it_chain-of-thought_ख_ल_6.txt,articles_today/hindi_gemma_3_12b_it_chain-of-thought_ख_ल_6.txt,ai
hindi,gemma_3_12b_it,chain-of-thought,व_ज_ञ_न,6,hindi_gemma_3_12b_it_chain-of-thought_व_ज_ञ_न_6.txt,articles_today/hindi_gemma_3_12b_it_chain-of-thought_व_ज_ञ_न_6.txt,ai
hindi,gemma_3_12b_it,chain-of-thought,ख_ल,9,hindi_gemma_3_12b_it_chain-of-thought_ख_ल_9.txt,articles_today/hindi_gemma_3_12b_it_chain-of-thought_ख_ल_9.txt,ai
hindi,gpt_4o,chain-of-thought,व_ज_ञ_न,01680,hindi_gpt_4o_chain-of-thought_व_ज_ञ_न_01680.txt,articles_today/hindi_gpt_4o_chain-of-thought_व_ज_ञ_न_01680.txt,ai
hindi,gpt_4o,chain-of-thought,व_द_श,02048,hindi_gpt_4o_chain-of-thought_व_द_श_02048.txt,articles_today/hindi_gpt_4o_chain-of-thought_व_द_श_02048.txt,ai
hindi,gpt_4o,chain-of-thought,मन_र_जन,02650,hindi_gpt_4o_chain-of-thought_मन_र_जन_02650.txt,articles_today/hindi_gpt_4o_chain-of-thought_मन_र_जन_02650.txt,ai
hindi,gpt_4o,chain-of-thought,व_ज_ञ_न,02975,hindi_gpt_4o_chain-of-thought_व_ज_ञ_न_02975.txt,articles_today/hindi_gpt_4o_chain-of-thought_व_ज_ञ_न_02975.txt,ai
hindi,gpt_4o,chain-of-thought,भ_रत,03683,hindi_gpt_4o_chain-of-thought_भ_रत_03683.txt,articles_today/hindi_gpt_4o_chain-of-thought_भ_रत_03683.txt,ai
hindi,gpt_4o,chain-of-thought,व_द_श,03896,hindi_gpt_4o_chain-of-thought_व_द_श_03896.txt,articles_today/hindi_gpt_4o_chain-of-thought_व_द_श_03896.txt,ai
hindi,gpt_4o,chain-of-thought,व_द_श,06501,hindi_gpt_4o_chain-of-thought_व_द_श_06501.txt,articles_today/hindi_gpt_4o_chain-of-thought_व_द_श_06501.txt,ai
hindi,gpt_4o,chain-of-thought,भ_रत,10,hindi_gpt_4o_chain-of-thought_भ_रत_10.txt,articles_today/hindi_gpt_4o_chain-of-thought_भ_रत_10.txt,ai
hindi,gpt_4o,chain-of-thought,ख_ल,11,hindi_gpt_4o_chain-of-thought_ख_ल_11.txt,articles_today/hindi_gpt_4o_chain-of-thought_ख_ल_11.txt,ai
hindi,gpt_4o,chain-of-thought,व_ज_ञ_न,4,hindi_gpt_4o_chain-of-thought_व_ज_ञ_न_4.txt,articles_today/hindi_gpt_4o_chain-of-thought_व_ज_ञ_न_4.txt,ai
hindi,mistralai_Mistral_7B_Instruct_v0_2,chain-of-thought,व_ज_ञ_न,00597,hindi_mistralai_Mistral_7B_Instruct_v0_2_chain-of-thought_व_ज_ञ_न_00597.txt,articles_today/hindi_mistralai_Mistral_7B_Instruct_v0_2_chain-of-thought_व_ज_ञ_न_00597.txt,ai
hindi,mistralai_Mistral_7B_Instruct_v0_2,chain-of-thought,भ_रत,02077,hindi_mistralai_Mistral_7B_Instruct_v0_2_chain-of-thought_भ_रत_02077.txt,articles_today/hindi_mistralai_Mistral_7B_Instruct_v0_2_chain-of-thought_भ_रत_02077.txt,ai
hindi,mistralai_Mistral_7B_Instruct_v0_2,chain-of-thought,ख_ल,02622,hindi_mistralai_Mistral_7B_Instruct_v0_2_chain-of-thought_ख_ल_02622.txt,articles_today/hindi_mistralai_Mistral_7B_Instruct_v0_2_chain-of-thought_ख_ल_02622.txt,ai
hindi,mistralai_Mistral_7B_Instruct_v0_2,chain-of-thought,व_ज_ञ_न,02702,hindi_mistralai_Mistral_7B_Instruct_v0_2_chain-of-thought_व_ज_ञ_न_02702.txt,articles_today/hindi_mistralai_Mistral_7B_Instruct_v0_2_chain-of-thought_व_ज_ञ_न_02702.txt,ai
hindi,mistralai_Mistral_7B_Instruct_v0_2,chain-of-thought,व_ज_ञ_न,02865,hindi_mistralai_Mistral_7B_Instruct_v0_2_chain-of-thought_व_ज_ञ_न_02865.txt,articles_today/hindi_mistralai_Mistral_7B_Instruct_v0_2_chain-of-thought_व_ज_ञ_न_02865.txt,ai
hindi,mistralai_Mistral_7B_Instruct_v0_2,chain-of-thought,स_शल,03014,hindi_mistralai_Mistral_7B_Instruct_v0_2_chain-of-thought_स_शल_03014.txt,articles_today/hindi_mistralai_Mistral_7B_Instruct_v0_2_chain-of-thought_स_शल_03014.txt,ai
hindi,mistralai_Mistral_7B_Instruct_v0_2,chain-of-thought,व_द_श,03285,hindi_mistralai_Mistral_7B_Instruct_v0_2_chain-of-thought_व_द_श_03285.txt,articles_today/hindi_mistralai_Mistral_7B_Instruct_v0_2_chain-of-thought_व_द_श_03285.txt,ai
hindi,mistralai_Mistral_7B_Instruct_v0_2,chain-of-thought,ख_ल,03476,hindi_mistralai_Mistral_7B_Instruct_v0_2_chain-of-thought_ख_ल_03476.txt,articles_today/hindi_mistralai_Mistral_7B_Instruct_v0_2_chain-of-thought_ख_ल_03476.txt,ai
hindi,mistralai_Mistral_7B_Instruct_v0_2,chain-of-thought,ख_ल,05824,hindi_mistralai_Mistral_7B_Instruct_v0_2_chain-of-thought_ख_ल_05824.txt,articles_today/hindi_mistralai_Mistral_7B_Instruct_v0_2_chain-of-thought_ख_ल_05824.txt,ai
hindi,mistralai_Mistral_7B_Instruct_v0_2,chain-of-thought,व_ज_ञ_न,06972,hindi_mistralai_Mistral_7B_Instruct_v0_2_chain-of-thought_व_ज_ञ_न_06972.txt,articles_today/hindi_mistralai_Mistral_7B_Instruct_v0_2_chain-of-thought_व_ज_ञ_न_06972.txt,ai
hindi,gemini_2_5_flash,few-shot,मन_र_जन,1,hindi_gemini_2_5_flash_few-shot_मन_र_जन_1.txt,articles_today/hindi_gemini_2_5_flash_few-shot_मन_र_जन_1.txt,ai
hindi,gemini_2_5_flash,few-shot,ख_ल,10,hindi_gemini_2_5_flash_few-shot_ख_ल_10.txt,articles_today/hindi_gemini_2_5_flash_few-shot_ख_ल_10.txt,ai
hindi,gemini_2_5_flash,few-shot,व_द_श,11,hindi_gemini_2_5_flash_few-shot_व_द_श_11.txt,articles_today/hindi_gemini_2_5_flash_few-shot_व_द_श_11.txt,ai
hindi,gemini_2_5_flash,few-shot,व_ज_ञ_न,12,hindi_gemini_2_5_flash_few-shot_व_ज_ञ_न_12.txt,articles_today/hindi_gemini_2_5_flash_few-shot_व_ज_ञ_न_12.txt,ai
hindi,gemini_2_5_flash,few-shot,व_ज_ञ_न,2,hindi_gemini_2_5_flash_few-shot_व_ज_ञ_न_2.txt,articles_today/hindi_gemini_2_5_flash_few-shot_व_ज_ञ_न_2.txt,ai
hindi,gemini_2_5_flash,few-shot,व_द_श,4,hindi_gemini_2_5_flash_few-shot_व_द_श_4.txt,articles_today/hindi_gemini_2_5_flash_few-shot_व_द_श_4.txt,ai
hindi,gemini_2_5_flash,few-shot,व_द_श,5,hindi_gemini_2_5_flash_few-shot_व_द_श_5.txt,articles_today/hindi_gemini_2_5_flash_few-shot_व_द_श_5.txt,ai
hindi,gemini_2_5_flash,few-shot,व_द_श,7,hindi_gemini_2_5_flash_few-shot_व_द_श_7.txt,articles_today/hindi_gemini_2_5_flash_few-shot_व_द_श_7.txt,ai
hindi,gemini_2_5_flash,few-shot,भ_रत,9,hindi_gemini_2_5_flash_few-shot_भ_रत_9.txt,articles_today/hindi_gemini_2_5_flash_few-shot_भ_रत_9.txt,ai
hindi,gemini_2_5_flash,few-shot,ख_ल,9,hindi_gemini_2_5_flash_few-shot_ख_ल_9.txt,articles_today/hindi_gemini_2_5_flash_few-shot_ख_ल_9.txt,ai
hindi,gemini_2_5_pro,few-shot,व_द_श,1,hindi_gemini_2_5_pro_few-shot_व_द_श_1.txt,articles_today/hindi_gemini_2_5_pro_few-shot_व_द_श_1.txt,ai
hindi,gemini_2_5_pro,few-shot,व_ज_ञ_न,1,hindi_gemini_2_5_pro_few-shot_व_ज_ञ_न_1.txt,articles_today/hindi_gemini_2_5_pro_few-shot_व_ज_ञ_न_1.txt,ai
hindi,gemini_2_5_pro,few-shot,ख_ल,11,hindi_gemini_2_5_pro_few-shot_ख_ल_11.txt,articles_today/hindi_gemini_2_5_pro_few-shot_ख_ल_11.txt,ai
hindi,gemini_2_5_pro,few-shot,व_द_श,13,hindi_gemini_2_5_pro_few-shot_व_द_श_13.txt,articles_today/hindi_gemini_2_5_pro_few-shot_व_द_श_13.txt,ai
hindi,gemini_2_5_pro,few-shot,भ_रत,2,hindi_gemini_2_5_pro_few-shot_भ_रत_2.txt,articles_today/hindi_gemini_2_5_pro_few-shot_भ_रत_2.txt,ai
hindi,gemini_2_5_pro,few-shot,ख_ल,2,hindi_gemini_2_5_pro_few-shot_ख_ल_2.txt,articles_today/hindi_gemini_2_5_pro_few-shot_ख_ल_2.txt,ai
hindi,gemini_2_5_pro,few-shot,मन_र_जन,5,hindi_gemini_2_5_pro_few-shot_मन_र_जन_5.txt,articles_today/hindi_gemini_2_5_pro_few-shot_मन_र_जन_5.txt,ai
hindi,gemini_2_5_pro,few-shot,मन_र_जन,6,hindi_gemini_2_5_pro_few-shot_मन_र_जन_6.txt,articles_today/hindi_gemini_2_5_pro_few-shot_मन_र_जन_6.txt,ai
hindi,gemini_2_5_pro,few-shot,व_ज_ञ_न,8,hindi_gemini_2_5_pro_few-shot_व_ज_ञ_न_8.txt,articles_today/hindi_gemini_2_5_pro_few-shot_व_ज_ञ_न_8.txt,ai
hindi,gemini_2_5_pro,few-shot,ख_ल,9,hindi_gemini_2_5_pro_few-shot_ख_ल_9.txt,articles_today/hindi_gemini_2_5_pro_few-shot_ख_ल_9.txt,ai
hindi,gemma_3_12b_it,few-shot,मन_र_जन,1,hindi_gemma_3_12b_it_few-shot_मन_र_जन_1.txt,articles_today/hindi_gemma_3_12b_it_few-shot_मन_र_जन_1.txt,ai
hindi,gemma_3_12b_it,few-shot,व_ज_ञ_न,2,hindi_gemma_3_12b_it_few-shot_व_ज_ञ_न_2.txt,articles_today/hindi_gemma_3_12b_it_few-shot_व_ज_ञ_न_2.txt,ai
hindi,gemma_3_12b_it,few-shot,स_शल,3,hindi_gemma_3_12b_it_few-shot_स_शल_3.txt,articles_today/hindi_gemma_3_12b_it_few-shot_स_शल_3.txt,ai
hindi,gemma_3_12b_it,few-shot,ख_ल,3,hindi_gemma_3_12b_it_few-shot_ख_ल_3.txt,articles_today/hindi_gemma_3_12b_it_few-shot_ख_ल_3.txt,ai
hindi,gemma_3_12b_it,few-shot,व_ज_ञ_न,3,hindi_gemma_3_12b_it_few-shot_व_ज_ञ_न_3.txt,articles_today/hindi_gemma_3_12b_it_few-shot_व_ज_ञ_न_3.txt,ai
hindi,gemma_3_12b_it,few-shot,व_द_श,4,hindi_gemma_3_12b_it_few-shot_व_द_श_4.txt,articles_today/hindi_gemma_3_12b_it_few-shot_व_द_श_4.txt,ai
hindi,gemma_3_12b_it,few-shot,व_ज_ञ_न,4,hindi_gemma_3_12b_it_few-shot_व_ज_ञ_न_4.txt,articles_today/hindi_gemma_3_12b_it_few-shot_व_ज_ञ_न_4.txt,ai
hindi,gemma_3_12b_it,few-shot,मन_र_जन,5,hindi_gemma_3_12b_it_few-shot_मन_र_जन_5.txt,articles_today/hindi_gemma_3_12b_it_few-shot_मन_र_जन_5.txt,ai
hindi,gemma_3_12b_it,few-shot,मन_र_जन,6,hindi_gemma_3_12b_it_few-shot_मन_र_जन_6.txt,articles_today/hindi_gemma_3_12b_it_few-shot_मन_र_जन_6.txt,ai
hindi,gemma_3_12b_it,few-shot,ख_ल,8,hindi_gemma_3_12b_it_few-shot_ख_ल_8.txt,articles_today/hindi_gemma_3_12b_it_few-shot_ख_ल_8.txt,ai
hindi,gpt_4o,few-shot,स_शल,00143,hindi_gpt_4o_few-shot_स_शल_00143.txt,articles_today/hindi_gpt_4o_few-shot_स_शल_00143.txt,ai
hindi,gpt_4o,few-shot,व_ज_ञ_न,01745,hindi_gpt_4o_few-shot_व_ज_ञ_न_01745.txt,articles_today/hindi_gpt_4o_few-shot_व_ज_ञ_न_01745.txt,ai
hindi,gpt_4o,few-shot,व_ज_ञ_न,03142,hindi_gpt_4o_few-shot_व_ज_ञ_न_03142.txt,articles_today/hindi_gpt_4o_few-shot_व_ज_ञ_न_03142.txt,ai
hindi,gpt_4o,few-shot,भ_रत,04387,hindi_gpt_4o_few-shot_भ_रत_04387.txt,articles_today/hindi_gpt_4o_few-shot_भ_रत_04387.txt,ai
hindi,gpt_4o,few-shot,व_ज_ञ_न,04771,hindi_gpt_4o_few-shot_व_ज_ञ_न_04771.txt,articles_today/hindi_gpt_4o_few-shot_व_ज_ञ_न_04771.txt,ai
hindi,gpt_4o,few-shot,स_शल,04935,hindi_gpt_4o_few-shot_स_शल_04935.txt,articles_today/hindi_gpt_4o_few-shot_स_शल_04935.txt,ai
hindi,gpt_4o,few-shot,व_द_श,05204,hindi_gpt_4o_few-shot_व_द_श_05204.txt,articles_today/hindi_gpt_4o_few-shot_व_द_श_05204.txt,ai
hindi,gpt_4o,few-shot,स_शल,05392,hindi_gpt_4o_few-shot_स_शल_05392.txt,articles_today/hindi_gpt_4o_few-shot_स_शल_05392.txt,ai
hindi,gpt_4o,few-shot,ख_ल,1,hindi_gpt_4o_few-shot_ख_ल_1.txt,articles_today/hindi_gpt_4o_few-shot_ख_ल_1.txt,ai
hindi,gpt_4o,few-shot,ख_ल,8,hindi_gpt_4o_few-shot_ख_ल_8.txt,articles_today/hindi_gpt_4o_few-shot_ख_ल_8.txt,ai
hindi,mistralai_Mistral_7B_Instruct_v0_2,few-shot,ख_ल,00303,hindi_mistralai_Mistral_7B_Instruct_v0_2_few-shot_ख_ल_00303.txt,articles_today/hindi_mistralai_Mistral_7B_Instruct_v0_2_few-shot_ख_ल_00303.txt,ai
hindi,mistralai_Mistral_7B_Instruct_v0_2,few-shot,व_द_श,00306,hindi_mistralai_Mistral_7B_Instruct_v0_2_few-shot_व_द_श_00306.txt,articles_today/hindi_mistralai_Mistral_7B_Instruct_v0_2_few-shot_व_द_श_00306.txt,ai
hindi,mistralai_Mistral_7B_Instruct_v0_2,few-shot,मन_र_जन,00467,hindi_mistralai_Mistral_7B_Instruct_v0_2_few-shot_मन_र_जन_00467.txt,articles_today/hindi_mistralai_Mistral_7B_Instruct_v0_2_few-shot_मन_र_जन_00467.txt,ai
hindi,mistralai_Mistral_7B_Instruct_v0_2,few-shot,भ_रत,01123,hindi_mistralai_Mistral_7B_Instruct_v0_2_few-shot_भ_रत_01123.txt,articles_today/hindi_mistralai_Mistral_7B_Instruct_v0_2_few-shot_भ_रत_01123.txt,ai
hindi,mistralai_Mistral_7B_Instruct_v0_2,few-shot,ख_ल,01144,hindi_mistralai_Mistral_7B_Instruct_v0_2_few-shot_ख_ल_01144.txt,articles_today/hindi_mistralai_Mistral_7B_Instruct_v0_2_few-shot_ख_ल_01144.txt,ai
hindi,mistralai_Mistral_7B_Instruct_v0_2,few-shot,व_द_श,03751,hindi_mistralai_Mistral_7B_Instruct_v0_2_few-shot_व_द_श_03751.txt,articles_today/hindi_mistralai_Mistral_7B_Instruct_v0_2_few-shot_व_द_श_03751.txt,ai
hindi,mistralai_Mistral_7B_Instruct_v0_2,few-shot,भ_रत,05078,hindi_mistralai_Mistral_7B_Instruct_v0_2_few-shot_भ_रत_05078.txt,articles_today/hindi_mistralai_Mistral_7B_Instruct_v0_2_few-shot_भ_रत_05078.txt,ai
hindi,mistralai_Mistral_7B_Instruct_v0_2,few-shot,व_द_श,06476,hindi_mistralai_Mistral_7B_Instruct_v0_2_few-shot_व_द_श_06476.txt,articles_today/hindi_mistralai_Mistral_7B_Instruct_v0_2_few-shot_व_द_श_06476.txt,ai
hindi,mistralai_Mistral_7B_Instruct_v0_2,few-shot,भ_रत,07191,hindi_mistralai_Mistral_7B_Instruct_v0_2_few-shot_भ_रत_07191.txt,articles_today/hindi_mistralai_Mistral_7B_Instruct_v0_2_few-shot_भ_रत_07191.txt,ai
hindi,mistralai_Mistral_7B_Instruct_v0_2,few-shot,ख_ल,7,hindi_mistralai_Mistral_7B_Instruct_v0_2_few-shot_ख_ल_7.txt,articles_today/hindi_mistralai_Mistral_7B_Instruct_v0_2_few-shot_ख_ल_7.txt,ai
hindi,gemini_2_5_flash,zero-shot,व_द_श,1,hindi_gemini_2_5_flash_zero-shot_व_द_श_1.txt,articles_today/hindi_gemini_2_5_flash_zero-shot_व_द_श_1.txt,ai
hindi,gemini_2_5_flash,zero-shot,व_द_श,10,hindi_gemini_2_5_flash_zero-shot_व_द_श_10.txt,articles_today/hindi_gemini_2_5_flash_zero-shot_व_द_श_10.txt,ai
hindi,gemini_2_5_flash,zero-shot,ख_ल,11,hindi_gemini_2_5_flash_zero-shot_ख_ल_11.txt,articles_today/hindi_gemini_2_5_flash_zero-shot_ख_ल_11.txt,ai
hindi,gemini_2_5_flash,zero-shot,व_द_श,13,hindi_gemini_2_5_flash_zero-shot_व_द_श_13.txt,articles_today/hindi_gemini_2_5_flash_zero-shot_व_द_श_13.txt,ai
hindi,gemini_2_5_flash,zero-shot,स_शल,2,hindi_gemini_2_5_flash_zero-shot_स_शल_2.txt,articles_today/hindi_gemini_2_5_flash_zero-shot_स_शल_2.txt,ai
hindi,gemini_2_5_flash,zero-shot,मन_र_जन,2,hindi_gemini_2_5_flash_zero-shot_मन_र_जन_2.txt,articles_today/hindi_gemini_2_5_flash_zero-shot_मन_र_जन_2.txt,ai
hindi,gemini_2_5_flash,zero-shot,व_द_श,5,hindi_gemini_2_5_flash_zero-shot_व_द_श_5.txt,articles_today/hindi_gemini_2_5_flash_zero-shot_व_द_श_5.txt,ai
hindi,gemini_2_5_flash,zero-shot,व_ज_ञ_न,6,hindi_gemini_2_5_flash_zero-shot_व_ज_ञ_न_6.txt,articles_today/hindi_gemini_2_5_flash_zero-shot_व_ज_ञ_न_6.txt,ai
hindi,gemini_2_5_flash,zero-shot,मन_र_जन,6,hindi_gemini_2_5_flash_zero-shot_मन_र_जन_6.txt,articles_today/hindi_gemini_2_5_flash_zero-shot_मन_र_जन_6.txt,ai
hindi,gemini_2_5_flash,zero-shot,भ_रत,8,hindi_gemini_2_5_flash_zero-shot_भ_रत_8.txt,articles_today/hindi_gemini_2_5_flash_zero-shot_भ_रत_8.txt,ai
hindi,gemini_2_5_pro,zero-shot,व_द_श,1,hindi_gemini_2_5_pro_zero-shot_व_द_श_1.txt,articles_today/hindi_gemini_2_5_pro_zero-shot_व_द_श_1.txt,ai
hindi,gemini_2_5_pro,zero-shot,मन_र_जन,1,hindi_gemini_2_5_pro_zero-shot_मन_र_जन_1.txt,articles_today/hindi_gemini_2_5_pro_zero-shot_मन_र_जन_1.txt,ai
hindi,gemini_2_5_pro,zero-shot,व_ज_ञ_न,10,hindi_gemini_2_5_pro_zero-shot_व_ज_ञ_न_10.txt,articles_today/hindi_gemini_2_5_pro_zero-shot_व_ज_ञ_न_10.txt,ai
hindi,gemini_2_5_pro,zero-shot,व_द_श,12,hindi_gemini_2_5_pro_zero-shot_व_द_श_12.txt,articles_today/hindi_gemini_2_5_pro_zero-shot_व_द_श_12.txt,ai
hindi,gemini_2_5_pro,zero-shot,मन_र_जन,2,hindi_gemini_2_5_pro_zero-shot_मन_र_जन_2.txt,articles_today/hindi_gemini_2_5_pro_zero-shot_मन_र_जन_2.txt,ai
hindi,gemini_2_5_pro,zero-shot,मन_र_जन,3,hindi_gemini_2_5_pro_zero-shot_मन_र_जन_3.txt,articles_today/hindi_gemini_2_5_pro_zero-shot_मन_र_जन_3.txt,ai
hindi,gemini_2_5_pro,zero-shot,स_शल,3,hindi_gemini_2_5_pro_zero-shot_स_शल_3.txt,articles_today/hindi_gemini_2_5_pro_zero-shot_स_शल_3.txt,ai
hindi,gemini_2_5_pro,zero-shot,व_द_श,3,hindi_gemini_2_5_pro_zero-shot_व_द_श_3.txt,articles_today/hindi_gemini_2_5_pro_zero-shot_व_द_श_3.txt,ai
hindi,gemini_2_5_pro,zero-shot,व_ज_ञ_न,4,hindi_gemini_2_5_pro_zero-shot_व_ज_ञ_न_4.txt,articles_today/hindi_gemini_2_5_pro_zero-shot_व_ज_ञ_न_4.txt,ai
hindi,gemini_2_5_pro,zero-shot,मन_र_जन,8,hindi_gemini_2_5_pro_zero-shot_मन_र_जन_8.txt,articles_today/hindi_gemini_2_5_pro_zero-shot_मन_र_जन_8.txt,ai
hindi,gemma_3_12b_it,zero-shot,ख_ल,10,hindi_gemma_3_12b_it_zero-shot_ख_ल_10.txt,articles_today/hindi_gemma_3_12b_it_zero-shot_ख_ल_10.txt,ai
hindi,gemma_3_12b_it,zero-shot,भ_रत,3,hindi_gemma_3_12b_it_zero-shot_भ_रत_3.txt,articles_today/hindi_gemma_3_12b_it_zero-shot_भ_रत_3.txt,ai
hindi,gemma_3_12b_it,zero-shot,ख_ल,3,hindi_gemma_3_12b_it_zero-shot_ख_ल_3.txt,articles_today/hindi_gemma_3_12b_it_zero-shot_ख_ल_3.txt,ai
hindi,gemma_3_12b_it,zero-shot,मन_र_जन,3,hindi_gemma_3_12b_it_zero-shot_मन_र_जन_3.txt,articles_today/hindi_gemma_3_12b_it_zero-shot_मन_र_जन_3.txt,ai
hindi,gemma_3_12b_it,zero-shot,ख_ल,5,hindi_gemma_3_12b_it_zero-shot_ख_ल_5.txt,articles_today/hindi_gemma_3_12b_it_zero-shot_ख_ल_5.txt,ai
hindi,gemma_3_12b_it,zero-shot,मन_र_जन,5,hindi_gemma_3_12b_it_zero-shot_मन_र_जन_5.txt,articles_today/hindi_gemma_3_12b_it_zero-shot_मन_र_जन_5.txt,ai
hindi,gemma_3_12b_it,zero-shot,मन_र_जन,7,hindi_gemma_3_12b_it_zero-shot_मन_र_जन_7.txt,articles_today/hindi_gemma_3_12b_it_zero-shot_मन_र_जन_7.txt,ai
hindi,gemma_3_12b_it,zero-shot,भ_रत,7,hindi_gemma_3_12b_it_zero-shot_भ_रत_7.txt,articles_today/hindi_gemma_3_12b_it_zero-shot_भ_रत_7.txt,ai
hindi,gemma_3_12b_it,zero-shot,व_द_श,8,hindi_gemma_3_12b_it_zero-shot_व_द_श_8.txt,articles_today/hindi_gemma_3_12b_it_zero-shot_व_द_श_8.txt,ai
hindi,gemma_3_12b_it,zero-shot,व_द_श,9,hindi_gemma_3_12b_it_zero-shot_व_द_श_9.txt,articles_today/hindi_gemma_3_12b_it_zero-shot_व_द_श_9.txt,ai
hindi,gpt_4o,zero-shot,मन_र_जन,00725,hindi_gpt_4o_zero-shot_मन_र_जन_00725.txt,articles_today/hindi_gpt_4o_zero-shot_मन_र_जन_00725.txt,ai
hindi,gpt_4o,zero-shot,व_ज_ञ_न,00849,hindi_gpt_4o_zero-shot_व_ज_ञ_न_00849.txt,articles_today/hindi_gpt_4o_zero-shot_व_ज_ञ_न_00849.txt,ai
hindi,gpt_4o,zero-shot,ख_ल,00981,hindi_gpt_4o_zero-shot_ख_ल_00981.txt,articles_today/hindi_gpt_4o_zero-shot_ख_ल_00981.txt,ai
hindi,gpt_4o,zero-shot,भ_रत,01453,hindi_gpt_4o_zero-shot_भ_रत_01453.txt,articles_today/hindi_gpt_4o_zero-shot_भ_रत_01453.txt,ai
hindi,gpt_4o,zero-shot,मन_र_जन,01721,hindi_gpt_4o_zero-shot_मन_र_जन_01721.txt,articles_today/hindi_gpt_4o_zero-shot_मन_र_जन_01721.txt,ai
hindi,gpt_4o,zero-shot,स_शल,02717,hindi_gpt_4o_zero-shot_स_शल_02717.txt,articles_today/hindi_gpt_4o_zero-shot_स_शल_02717.txt,ai
hindi,gpt_4o,zero-shot,स_शल,03496,hindi_gpt_4o_zero-shot_स_शल_03496.txt,articles_today/hindi_gpt_4o_zero-shot_स_शल_03496.txt,ai
hindi,gpt_4o,zero-shot,व_ज_ञ_न,04593,hindi_gpt_4o_zero-shot_व_ज_ञ_न_04593.txt,articles_today/hindi_gpt_4o_zero-shot_व_ज_ञ_न_04593.txt,ai
hindi,gpt_4o,zero-shot,ख_ल,06691,hindi_gpt_4o_zero-shot_ख_ल_06691.txt,articles_today/hindi_gpt_4o_zero-shot_ख_ल_06691.txt,ai
hindi,gpt_4o,zero-shot,भ_रत,07173,hindi_gpt_4o_zero-shot_भ_रत_07173.txt,articles_today/hindi_gpt_4o_zero-shot_भ_रत_07173.txt,ai
hindi,mistralai_Mistral_7B_Instruct_v0_2,zero-shot,स_शल,00669,hindi_mistralai_Mistral_7B_Instruct_v0_2_zero-shot_स_शल_00669.txt,articles_today/hindi_mistralai_Mistral_7B_Instruct_v0_2_zero-shot_स_शल_00669.txt,ai
hindi,mistralai_Mistral_7B_Instruct_v0_2,zero-shot,भ_रत,03027,hindi_mistralai_Mistral_7B_Instruct_v0_2_zero-shot_भ_रत_03027.txt,articles_today/hindi_mistralai_Mistral_7B_Instruct_v0_2_zero-shot_भ_रत_03027.txt,ai
hindi,mistralai_Mistral_7B_Instruct_v0_2,zero-shot,भ_रत,03075,hindi_mistralai_Mistral_7B_Instruct_v0_2_zero-shot_भ_रत_03075.txt,articles_today/hindi_mistralai_Mistral_7B_Instruct_v0_2_zero-shot_भ_रत_03075.txt,ai
hindi,mistralai_Mistral_7B_Instruct_v0_2,zero-shot,स_शल,03201,hindi_mistralai_Mistral_7B_Instruct_v0_2_zero-shot_स_शल_03201.txt,articles_today/hindi_mistralai_Mistral_7B_Instruct_v0_2_zero-shot_स_शल_03201.txt,ai
hindi,mistralai_Mistral_7B_Instruct_v0_2,zero-shot,व_ज_ञ_न,04151,hindi_mistralai_Mistral_7B_Instruct_v0_2_zero-shot_व_ज_ञ_न_04151.txt,articles_today/hindi_mistralai_Mistral_7B_Instruct_v0_2_zero-shot_व_ज_ञ_न_04151.txt,ai
hindi,mistralai_Mistral_7B_Instruct_v0_2,zero-shot,भ_रत,04362,hindi_mistralai_Mistral_7B_Instruct_v0_2_zero-shot_भ_रत_04362.txt,articles_today/hindi_mistralai_Mistral_7B_Instruct_v0_2_zero-shot_भ_रत_04362.txt,ai
hindi,mistralai_Mistral_7B_Instruct_v0_2,zero-shot,मन_र_जन,04453,hindi_mistralai_Mistral_7B_Instruct_v0_2_zero-shot_मन_र_जन_04453.txt,articles_today/hindi_mistralai_Mistral_7B_Instruct_v0_2_zero-shot_मन_र_जन_04453.txt,ai
hindi,mistralai_Mistral_7B_Instruct_v0_2,zero-shot,ख_ल,05659,hindi_mistralai_Mistral_7B_Instruct_v0_2_zero-shot_ख_ल_05659.txt,articles_today/hindi_mistralai_Mistral_7B_Instruct_v0_2_zero-shot_ख_ल_05659.txt,ai
hindi,mistralai_Mistral_7B_Instruct_v0_2,zero-shot,भ_रत,06275,hindi_mistralai_Mistral_7B_Instruct_v0_2_zero-shot_भ_रत_06275.txt,articles_today/hindi_mistralai_Mistral_7B_Instruct_v0_2_zero-shot_भ_रत_06275.txt,ai
hindi,mistralai_Mistral_7B_Instruct_v0_2,zero-shot,मन_र_जन,07264,hindi_mistralai_Mistral_7B_Instruct_v0_2_zero-shot_मन_र_जन_07264.txt,articles_today/hindi_mistralai_Mistral_7B_Instruct_v0_2_zero-shot_मन_र_जन_07264.txt,ai
tamil,gemini_2_5_flash,chain-of-thought,வ_ள_ய_ட_ட,1,tamil_gemini_2_5_flash_chain-of-thought_வ_ள_ய_ட_ட_1.txt,articles_today/tamil_gemini_2_5_flash_chain-of-thought_வ_ள_ய_ட_ட_1.txt,ai
tamil,gemini_2_5_flash,chain-of-thought,இந_த_ய,1,tamil_gemini_2_5_flash_chain-of-thought_இந_த_ய_1.txt,articles_today/tamil_gemini_2_5_flash_chain-of-thought_இந_த_ய_1.txt,ai
tamil,gemini_2_5_flash,chain-of-thought,தம_ழகம,1,tamil_gemini_2_5_flash_chain-of-thought_தம_ழகம_1.txt,articles_today/tamil_gemini_2_5_flash_chain-of-thought_தம_ழகம_1.txt,ai
tamil,gemini_2_5_flash,chain-of-thought,தம_ழகம,10,tamil_gemini_2_5_flash_chain-of-thought_தம_ழகம_10.txt,articles_today/tamil_gemini_2_5_flash_chain-of-thought_தம_ழகம_10.txt,ai
tamil,gemini_2_5_flash,chain-of-thought,தம_ழகம,16,tamil_gemini_2_5_flash_chain-of-thought_தம_ழகம_16.txt,articles_today/tamil_gemini_2_5_flash_chain-of-thought_தம_ழகம_16.txt,ai
tamil,gemini_2_5_flash,chain-of-thought,தம_ழகம,2,tamil_gemini_2_5_flash_chain-of-thought_தம_ழகம_2.txt,articles_today/tamil_gemini_2_5_flash_chain-of-thought_தம_ழகம_2.txt,ai
tamil,gemini_2_5_flash,chain-of-thought,உலகம,2,tamil_gemini_2_5_flash_chain-of-thought_உலகம_2.txt,articles_today/tamil_gemini_2_5_flash_chain-of-thought_உலகம_2.txt,ai
tamil,gemini_2_5_flash,chain-of-thought,ச_ன_ம_ர_ல_ம,2,tamil_gemini_2_5_flash_chain-of-thought_ச_ன_ம_ர_ல_ம_2.txt,articles_today/tamil_gemini_2_5_flash_chain-of-thought_ச_ன_ம_ர_ல_ம_2.txt,ai
tamil,gemini_2_5_flash,chain-of-thought,இந_த_ய,2,tamil_gemini_2_5_flash_chain-of-thought_இந_த_ய_2.txt,articles_today/tamil_gemini_2_5_flash_chain-of-thought_இந_த_ய_2.txt,ai
tamil,gemini_2_5_flash,chain-of-thought,ச_ன_ம_ர_ல_ம,3,tamil_gemini_2_5_flash_chain-of-thought_ச_ன_ம_ர_ல_ம_3.txt,articles_today/tamil_gemini_2_5_flash_chain-of-thought_ச_ன_ம_ர_ல_ம_3.txt,ai
tamil,gemini_2_5_pro,chain-of-thought,உலகம,1,tamil_gemini_2_5_pro_chain-of-thought_உலகம_1.txt,articles_today/tamil_gemini_2_5_pro_chain-of-thought_உலகம_1.txt,ai
tamil,gemini_2_5_pro,chain-of-thought,ஸ_ட_ட_எக_ஸ_ப_ரஸ,1,tamil_gemini_2_5_pro_chain-of-thought_ஸ_ட_ட_எக_ஸ_ப_ரஸ_1.txt,articles_today/tamil_gemini_2_5_pro_chain-of-thought_ஸ_ட_ட_எக_ஸ_ப_ரஸ_1.txt,ai
tamil,gemini_2_5_pro,chain-of-thought,தம_ழகம,16,tamil_gemini_2_5_pro_chain-of-thought_தம_ழகம_16.txt,articles_today/tamil_gemini_2_5_pro_chain-of-thought_தம_ழகம_16.txt,ai
tamil,gemini_2_5_pro,chain-of-thought,வ_ள_ய_ட_ட,2,tamil_gemini_2_5_pro_chain-of-thought_வ_ள_ய_ட_ட_2.txt,articles_today/tamil_gemini_2_5_pro_chain-of-thought_வ_ள_ய_ட_ட_2.txt,ai
tamil,gemini_2_5_pro,chain-of-thought,க_ற_றம,3,tamil_gemini_2_5_pro_chain-of-thought_க_ற_றம_3.txt,articles_today/tamil_gemini_2_5_pro_chain-of-thought_க_ற_றம_3.txt,ai
tamil,gemini_2_5_pro,chain-of-thought,ம_வட_ட_மச_ல,4,tamil_gemini_2_5_pro_chain-of-thought_ம_வட_ட_மச_ல_4.txt,articles_today/tamil_gemini_2_5_pro_chain-of-thought_ம_வட_ட_மச_ல_4.txt,ai
tamil,gemini_2_5_pro,chain-of-thought,க_ற_றம,4,tamil_gemini_2_5_pro_chain-of-thought_க_ற_றம_4.txt,articles_today/tamil_gemini_2_5_pro_chain-of-thought_க_ற_றம_4.txt,ai
tamil,gemini_2_5_pro,chain-of-thought,ச_ன_ம_ர_ல_ம,5,tamil_gemini_2_5_pro_chain-of-thought_ச_ன_ம_ர_ல_ம_5.txt,articles_today/tamil_gemini_2_5_pro_chain-of-thought_ச_ன_ம_ர_ல_ம_5.txt,ai
tamil,gemini_2_5_pro,chain-of-thought,தம_ழகம,6,tamil_gemini_2_5_pro_chain-of-thought_தம_ழகம_6.txt,articles_today/tamil_gemini_2_5_pro_chain-of-thought_தம_ழகம_6.txt,ai
tamil,gemini_2_5_pro,chain-of-thought,தம_ழகம,7,tamil_gemini_2_5_pro_chain-of-thought_தம_ழகம_7.txt,articles_today/tamil_gemini_2_5_pro_chain-of-thought_தம_ழகம_7.txt,ai
tamil,gemma_3_12b_it,chain-of-thought,தம_ழகம,1,tamil_gemma_3_12b_it_chain-of-thought_தம_ழகம_1.txt,articles_today/tamil_gemma_3_12b_it_chain-of-thought_தம_ழகம_1.txt,ai
tamil,gemma_3_12b_it,chain-of-thought,க_ற_றம,1,tamil_gemma_3_12b_it_chain-of-thought_க_ற_றம_1.txt,articles_today/tamil_gemma_3_12b_it_chain-of-thought_க_ற_றம_1.txt,ai
tamil,gemma_3_12b_it,chain-of-thought,ஸ_ட_ட_எக_ஸ_ப_ரஸ,1,tamil_gemma_3_12b_it_chain-of-thought_ஸ_ட_ட_எக_ஸ_ப_ரஸ_1.txt,articles_today/tamil_gemma_3_12b_it_chain-of-thought_ஸ_ட_ட_எக_ஸ_ப_ரஸ_1.txt,ai
tamil,gemma_3_12b_it,chain-of-thought,ம_வட_ட_மச_ல,1,tamil_gemma_3_12b_it_chain-of-thought_ம_வட_ட_மச_ல_1.txt,articles_today/tamil_gemma_3_12b_it_chain-of-thought_ம_வட_ட_மச_ல_1.txt,ai
tamil,gemma_3_12b_it,chain-of-thought,தம_ழகம,12,tamil_gemma_3_12b_it_chain-of-thought_தம_ழகம_12.txt,articles_today/tamil_gemma_3_12b_it_chain-of-thought_தம_ழகம_12.txt,ai
tamil,gemma_3_12b_it,chain-of-thought,தம_ழகம,13,tamil_gemma_3_12b_it_chain-of-thought_தம_ழகம_13.txt,articles_today/tamil_gemma_3_12b_it_chain-of-thought_தம_ழகம_13.txt,ai
tamil,gemma_3_12b_it,chain-of-thought,இந_த_ய,2,tamil_gemma_3_12b_it_chain-of-thought_இந_த_ய_2.txt,articles_today/tamil_gemma_3_12b_it_chain-of-thought_இந_த_ய_2.txt,ai
tamil,gemma_3_12b_it,chain-of-thought,ம_வட_ட_மச_ல,2,tamil_gemma_3_12b_it_chain-of-thought_ம_வட_ட_மச_ல_2.txt,articles_today/tamil_gemma_3_12b_it_chain-of-thought_ம_வட_ட_மச_ல_2.txt,ai
tamil,gemma_3_12b_it,chain-of-thought,ச_ன_ம_ர_ல_ம,3,tamil_gemma_3_12b_it_chain-of-thought_ச_ன_ம_ர_ல_ம_3.txt,articles_today/tamil_gemma_3_12b_it_chain-of-thought_ச_ன_ம_ர_ல_ம_3.txt,ai
tamil,gemma_3_12b_it,chain-of-thought,இந_த_ய,3,tamil_gemma_3_12b_it_chain-of-thought_இந_த_ய_3.txt,articles_today/tamil_gemma_3_12b_it_chain-of-thought_இந_த_ய_3.txt,ai
tamil,gpt_4o,chain-of-thought,இந_த_ய,00908,tamil_gpt_4o_chain-of-thought_இந_த_ய_00908.txt,articles_today/tamil_gpt_4o_chain-of-thought_இந_த_ய_00908.txt,ai
tamil,gpt_4o,chain-of-thought,தம_ழகம,01834,tamil_gpt_4o_chain-of-thought_தம_ழகம_01834.txt,articles_today/tamil_gpt_4o_chain-of-thought_தம_ழகம_01834.txt,ai
tamil,gpt_4o,chain-of-thought,தம_ழகம,02430,tamil_gpt_4o_chain-of-thought_தம_ழகம_02430.txt,articles_today/tamil_gpt_4o_chain-of-thought_தம_ழகம_02430.txt,ai
tamil,gpt_4o,chain-of-thought,ச_ன_ம_ர_ல_ம,02581,tamil_gpt_4o_chain-of-thought_ச_ன_ம_ர_ல_ம_02581.txt,articles_today/tamil_gpt_4o_chain-of-thought_ச_ன_ம_ர_ல_ம_02581.txt,ai
tamil,gpt_4o,chain-of-thought,வ_ள_ய_ட_ட,04856,tamil_gpt_4o_chain-of-thought_வ_ள_ய_ட_ட_04856.txt,articles_today/tamil_gpt_4o_chain-of-thought_வ_ள_ய_ட_ட_04856.txt,ai
tamil,gpt_4o,chain-of-thought,க_ற_றம,05226,tamil_gpt_4o_chain-of-thought_க_ற_றம_05226.txt,articles_today/tamil_gpt_4o_chain-of-thought_க_ற_றம_05226.txt,ai
tamil,gpt_4o,chain-of-thought,இந_த_ய,05897,tamil_gpt_4o_chain-of-thought_இந_த_ய_05897.txt,articles_today/tamil_gpt_4o_chain-of-thought_இந_த_ய_05897.txt,ai
tamil,gpt_4o,chain-of-thought,ச_ன_ம_ர_ல_ம,06137,tamil_gpt_4o_chain-of-thought_ச_ன_ம_ர_ல_ம_06137.txt,articles_today/tamil_gpt_4o_chain-of-thought_ச_ன_ம_ர_ல_ம_06137.txt,ai
tamil,gpt_4o,chain-of-thought,இந_த_ய,06879,tamil_gpt_4o_chain-of-thought_இந_த_ய_06879.txt,articles_today/tamil_gpt_4o_chain-of-thought_இந_த_ய_06879.txt,ai
tamil,gpt_4o,chain-of-thought,இந_த_ய,5,tamil_gpt_4o_chain-of-thought_இந_த_ய_5.txt,articles_today/tamil_gpt_4o_chain-of-thought_இந_த_ய_5.txt,ai
tamil,mistralai_Mistral_7B_Instruct_v0_2,chain-of-thought,ச_ன_ம_ர_ல_ம,00377,tamil_mistralai_Mistral_7B_Instruct_v0_2_chain-of-thought_ச_ன_ம_ர_ல_ம_00377.txt,articles_today/tamil_mistralai_Mistral_7B_Instruct_v0_2_chain-of-thought_ச_ன_ம_ர_ல_ம_00377.txt,ai
tamil,mistralai_Mistral_7B_Instruct_v0_2,chain-of-thought,ச_ன_ம_ர_ல_ம,00703,tamil_mistralai_Mistral_7B_Instruct_v0_2_chain-of-thought_ச_ன_ம_ர_ல_ம_00703.txt,articles_today/tamil_mistralai_Mistral_7B_Instruct_v0_2_chain-of-thought_ச_ன_ம_ர_ல_ம_00703.txt,ai
tamil,mistralai_Mistral_7B_Instruct_v0_2,chain-of-thought,தம_ழகம,01363,tamil_mistralai_Mistral_7B_Instruct_v0_2_chain-of-thought_தம_ழகம_01363.txt,articles_today/tamil_mistralai_Mistral_7B_Instruct_v0_2_chain-of-thought_தம_ழகம_01363.txt,ai
tamil,mistralai_Mistral_7B_Instruct_v0_2,chain-of-thought,க_ற_றம,02497,tamil_mistralai_Mistral_7B_Instruct_v0_2_chain-of-thought_க_ற_றம_02497.txt,articles_today/tamil_mistralai_Mistral_7B_Instruct_v0_2_chain-of-thought_க_ற_றம_02497.txt,ai
tamil,mistralai_Mistral_7B_Instruct_v0_2,chain-of-thought,தம_ழகம,02555,tamil_mistralai_Mistral_7B_Instruct_v0_2_chain-of-thought_தம_ழகம_02555.txt,articles_today/tamil_mistralai_Mistral_7B_Instruct_v0_2_chain-of-thought_தம_ழகம_02555.txt,ai
tamil,mistralai_Mistral_7B_Instruct_v0_2,chain-of-thought,உலகம,02618,tamil_mistralai_Mistral_7B_Instruct_v0_2_chain-of-thought_உலகம_02618.txt,articles_today/tamil_mistralai_Mistral_7B_Instruct_v0_2_chain-of-thought_உலகம_02618.txt,ai
tamil,mistralai_Mistral_7B_Instruct_v0_2,chain-of-thought,தம_ழகம,04281,tamil_mistralai_Mistral_7B_Instruct_v0_2_chain-of-thought_தம_ழகம_04281.txt,articles_today/tamil_mistralai_Mistral_7B_Instruct_v0_2_chain-of-thought_தம_ழகம_04281.txt,ai
tamil,mistralai_Mistral_7B_Instruct_v0_2,chain-of-thought,க_ற_றம,04449,tamil_mistralai_Mistral_7B_Instruct_v0_2_chain-of-thought_க_ற_றம_04449.txt,articles_today/tamil_mistralai_Mistral_7B_Instruct_v0_2_chain-of-thought_க_ற_றம_04449.txt,ai
tamil,mistralai_Mistral_7B_Instruct_v0_2,chain-of-thought,தம_ழகம,04464,tamil_mistralai_Mistral_7B_Instruct_v0_2_chain-of-thought_தம_ழகம_04464.txt,articles_today/tamil_mistralai_Mistral_7B_Instruct_v0_2_chain-of-thought_தம_ழகம_04464.txt,ai
tamil,mistralai_Mistral_7B_Instruct_v0_2,chain-of-thought,இந_த_ய,05205,tamil_mistralai_Mistral_7B_Instruct_v0_2_chain-of-thought_இந_த_ய_05205.txt,articles_today/tamil_mistralai_Mistral_7B_Instruct_v0_2_chain-of-thought_இந_த_ய_05205.txt,ai
tamil,gemini_2_5_flash,few-shot,ச_ன_ம_ர_ல_ம,1,tamil_gemini_2_5_flash_few-shot_ச_ன_ம_ர_ல_ம_1.txt,articles_today/tamil_gemini_2_5_flash_few-shot_ச_ன_ம_ர_ல_ம_1.txt,ai
tamil,gemini_2_5_flash,few-shot,க_ற_றம,1,tamil_gemini_2_5_flash_few-shot_க_ற_றம_1.txt,articles_today/tamil_gemini_2_5_flash_few-shot_க_ற_றம_1.txt,ai
tamil,gemini_2_5_flash,few-shot,தம_ழகம,12,tamil_gemini_2_5_flash_few-shot_தம_ழகம_12.txt,articles_today/tamil_gemini_2_5_flash_few-shot_தம_ழகம_12.txt,ai
tamil,gemini_2_5_flash,few-shot,உலகம,2,tamil_gemini_2_5_flash_few-shot_உலகம_2.txt,articles_today/tamil_gemini_2_5_flash_few-shot_உலகம_2.txt,ai
tamil,gemini_2_5_flash,few-shot,தம_ழகம,23,tamil_gemini_2_5_flash_few-shot_தம_ழகம_23.txt,articles_today/tamil_gemini_2_5_flash_few-shot_தம_ழகம_23.txt,ai
tamil,gemini_2_5_flash,few-shot,ம_வட_ட_மச_ல,3,tamil_gemini_2_5_flash_few-shot_ம_வட_ட_மச_ல_3.txt,articles_today/tamil_gemini_2_5_flash_few-shot_ம_வட_ட_மச_ல_3.txt,ai
tamil,gemini_2_5_flash,few-shot,வ_ள_ய_ட_ட,3,tamil_gemini_2_5_flash_few-shot_வ_ள_ய_ட_ட_3.txt,articles_today/tamil_gemini_2_5_flash_few-shot_வ_ள_ய_ட_ட_3.txt,ai
tamil,gemini_2_5_flash,few-shot,க_ற_றம,3,tamil_gemini_2_5_flash_few-shot_க_ற_றம_3.txt,articles_today/tamil_gemini_2_5_flash_few-shot_க_ற_றம_3.txt,ai
tamil,gemini_2_5_flash,few-shot,க_ற_றம,4,tamil_gemini_2_5_flash_few-shot_க_ற_றம_4.txt,articles_today/tamil_gemini_2_5_flash_few-shot_க_ற_றம_4.txt,ai
tamil,gemini_2_5_flash,few-shot,இந_த_ய,4,tamil_gemini_2_5_flash_few-shot_இந_த_ய_4.txt,articles_today/tamil_gemini_2_5_flash_few-shot_இந_த_ய_4.txt,ai
tamil,gemini_2_5_pro,few-shot,மர_மம,1,tamil_gemini_2_5_pro_few-shot_மர_மம_1.txt,articles_today/tamil_gemini_2_5_pro_few-shot_மர_மம_1.txt,ai
tamil,gemini_2_5_pro,few-shot,ஸ_ட_ட_எக_ஸ_ப_ரஸ,1,tamil_gemini_2_5_pro_few-shot_ஸ_ட_ட_எக_ஸ_ப_ரஸ_1.txt,articles_today/tamil_gemini_2_5_pro_few-shot_ஸ_ட_ட_எக_ஸ_ப_ரஸ_1.txt,ai
tamil,gemini_2_5_pro,few-shot,ம_வட_ட_மச_ல,1,tamil_gemini_2_5_pro_few-shot_ம_வட_ட_மச_ல_1.txt,articles_today/tamil_gemini_2_5_pro_few-shot_ம_வட_ட_மச_ல_1.txt,ai
tamil,gemini_2_5_pro,few-shot,க_ற_றம,2,tamil_gemini_2_5_pro_few-shot_க_ற_றம_2.txt,articles_today/tamil_gemini_2_5_pro_few-shot_க_ற_றம_2.txt,ai
tamil,gemini_2_5_pro,few-shot,தம_ழகம,22,tamil_gemini_2_5_pro_few-shot_தம_ழகம_22.txt,articles_today/tamil_gemini_2_5_pro_few-shot_தம_ழகம_22.txt,ai
tamil,gemini_2_5_pro,few-shot,உலகம,4,tamil_gemini_2_5_pro_few-shot_உலகம_4.txt,articles_today/tamil_gemini_2_5_pro_few-shot_உலகம_4.txt,ai
tamil,gemini_2_5_pro,few-shot,தம_ழகம,4,tamil_gemini_2_5_pro_few-shot_தம_ழகம_4.txt,articles_today/tamil_gemini_2_5_pro_few-shot_தம_ழகம_4.txt,ai
tamil,gemini_2_5_pro,few-shot,இந_த_ய,5,tamil_gemini_2_5_pro_few-shot_இந_த_ய_5.txt,articles_today/tamil_gemini_2_5_pro_few-shot_இந_த_ய_5.txt,ai
tamil,gemini_2_5_pro,few-shot,க_ற_றம,5,tamil_gemini_2_5_pro_few-shot_க_ற_றம_5.txt,articles_today/tamil_gemini_2_5_pro_few-shot_க_ற_றம_5.txt,ai
tamil,gemini_2_5_pro,few-shot,தம_ழகம,8,tamil_gemini_2_5_pro_few-shot_தம_ழகம_8.txt,articles_today/tamil_gemini_2_5_pro_few-shot_தம_ழகம_8.txt,ai
tamil,gemma_3_12b_it,few-shot,தம_ழகம,11,tamil_gemma_3_12b_it_few-shot_தம_ழகம_11.txt,articles_today/tamil_gemma_3_12b_it_few-shot_தம_ழகம_11.txt,ai
tamil,gemma_3_12b_it,few-shot,தம_ழகம,12,tamil_gemma_3_12b_it_few-shot_தம_ழகம_12.txt,articles_today/tamil_gemma_3_12b_it_few-shot_தம_ழகம_12.txt,ai
tamil,gemma_3_12b_it,few-shot,தம_ழகம,16,tamil_gemma_3_12b_it_few-shot_தம_ழகம_16.txt,articles_today/tamil_gemma_3_12b_it_few-shot_தம_ழகம_16.txt,ai
tamil,gemma_3_12b_it,few-shot,தம_ழகம,18,tamil_gemma_3_12b_it_few-shot_தம_ழகம_18.txt,articles_today/tamil_gemma_3_12b_it_few-shot_தம_ழகம_18.txt,ai
tamil,gemma_3_12b_it,few-shot,ம_வட_ட_மச_ல,2,tamil_gemma_3_12b_it_few-shot_ம_வட_ட_மச_ல_2.txt,articles_today/tamil_gemma_3_12b_it_few-shot_ம_வட_ட_மச_ல_2.txt,ai
tamil,gemma_3_12b_it,few-shot,தம_ழகம,2,tamil_gemma_3_12b_it_few-shot_தம_ழகம_2.txt,articles_today/tamil_gemma_3_12b_it_few-shot_தம_ழகம_2.txt,ai
tamil,gemma_3_12b_it,few-shot,க_ற_றம,3,tamil_gemma_3_12b_it_few-shot_க_ற_றம_3.txt,articles_today/tamil_gemma_3_12b_it_few-shot_க_ற_றம_3.txt,ai
tamil,gemma_3_12b_it,few-shot,தம_ழகம,3,tamil_gemma_3_12b_it_few-shot_தம_ழகம_3.txt,articles_today/tamil_gemma_3_12b_it_few-shot_தம_ழகம_3.txt,ai
tamil,gemma_3_12b_it,few-shot,தம_ழகம,5,tamil_gemma_3_12b_it_few-shot_தம_ழகம_5.txt,articles_today/tamil_gemma_3_12b_it_few-shot_தம_ழகம_5.txt,ai
tamil,gemma_3_12b_it,few-shot,க_ற_றம,7,tamil_gemma_3_12b_it_few-shot_க_ற_றம_7.txt,articles_today/tamil_gemma_3_12b_it_few-shot_க_ற_றம_7.txt,ai
tamil,gpt_4o,few-shot,இந_த_ய,00182,tamil_gpt_4o_few-shot_இந_த_ய_00182.txt,articles_today/tamil_gpt_4o_few-shot_இந_த_ய_00182.txt,ai
tamil,gpt_4o,few-shot,தம_ழகம,02374,tamil_gpt_4o_few-shot_தம_ழகம_02374.txt,articles_today/tamil_gpt_4o_few-shot_தம_ழகம_02374.txt,ai
tamil,gpt_4o,few-shot,உலகம,02982,tamil_gpt_4o_few-shot_உலகம_02982.txt,articles_today/tamil_gpt_4o_few-shot_உலகம_02982.txt,ai
tamil,gpt_4o,few-shot,க_ற_றம,04119,tamil_gpt_4o_few-shot_க_ற_றம_04119.txt,articles_today/tamil_gpt_4o_few-shot_க_ற_றம_04119.txt,ai
tamil,gpt_4o,few-shot,வ_ள_ய_ட_ட,04162,tamil_gpt_4o_few-shot_வ_ள_ய_ட_ட_04162.txt,articles_today/tamil_gpt_4o_few-shot_வ_ள_ய_ட_ட_04162.txt,ai
tamil,gpt_4o,few-shot,தம_ழகம,05388,tamil_gpt_4o_few-shot_தம_ழகம_05388.txt,articles_today/tamil_gpt_4o_few-shot_தம_ழகம_05388.txt,ai
tamil,gpt_4o,few-shot,மர_மம,06265,tamil_gpt_4o_few-shot_மர_மம_06265.txt,articles_today/tamil_gpt_4o_few-shot_மர_மம_06265.txt,ai
tamil,gpt_4o,few-shot,க_ற_றம,06750,tamil_gpt_4o_few-shot_க_ற_றம_06750.txt,articles_today/tamil_gpt_4o_few-shot_க_ற_றம_06750.txt,ai
tamil,gpt_4o,few-shot,ம_வட_ட_மச_ல,1,tamil_gpt_4o_few-shot_ம_வட_ட_மச_ல_1.txt,articles_today/tamil_gpt_4o_few-shot_ம_வட_ட_மச_ல_1.txt,ai
tamil,gpt_4o,few-shot,தம_ழகம,21,tamil_gpt_4o_few-shot_தம_ழகம_21.txt,articles_today/tamil_gpt_4o_few-shot_தம_ழகம_21.txt,ai
tamil,mistralai_Mistral_7B_Instruct_v0_2,few-shot,தம_ழகம,00317,tamil_mistralai_Mistral_7B_Instruct_v0_2_few-shot_தம_ழகம_00317.txt,articles_today/tamil_mistralai_Mistral_7B_Instruct_v0_2_few-shot_தம_ழகம_00317.txt,ai
tamil,mistralai_Mistral_7B_Instruct_v0_2,few-shot,தம_ழகம,00775,tamil_mistralai_Mistral_7B_Instruct_v0_2_few-shot_தம_ழகம_00775.txt,articles_today/tamil_mistralai_Mistral_7B_Instruct_v0_2_few-shot_தம_ழகம_00775.txt,ai
tamil,mistralai_Mistral_7B_Instruct_v0_2,few-shot,தம_ழகம,01192,tamil_mistralai_Mistral_7B_Instruct_v0_2_few-shot_தம_ழகம_01192.txt,articles_today/tamil_mistralai_Mistral_7B_Instruct_v0_2_few-shot_தம_ழகம_01192.txt,ai
tamil,mistralai_Mistral_7B_Instruct_v0_2,few-shot,இந_த_ய,01890,tamil_mistralai_Mistral_7B_Instruct_v0_2_few-shot_இந_த_ய_01890.txt,articles_today/tamil_mistralai_Mistral_7B_Instruct_v0_2_few-shot_இந_த_ய_01890.txt,ai
tamil,mistralai_Mistral_7B_Instruct_v0_2,few-shot,இந_த_ய,04556,tamil_mistralai_Mistral_7B_Instruct_v0_2_few-shot_இந_த_ய_04556.txt,articles_today/tamil_mistralai_Mistral_7B_Instruct_v0_2_few-shot_இந_த_ய_04556.txt,ai
tamil,mistralai_Mistral_7B_Instruct_v0_2,few-shot,தம_ழகம,04737,tamil_mistralai_Mistral_7B_Instruct_v0_2_few-shot_தம_ழகம_04737.txt,articles_today/tamil_mistralai_Mistral_7B_Instruct_v0_2_few-shot_தம_ழகம_04737.txt,ai
tamil,mistralai_Mistral_7B_Instruct_v0_2,few-shot,க_ற_றம,05715,tamil_mistralai_Mistral_7B_Instruct_v0_2_few-shot_க_ற_றம_05715.txt,articles_today/tamil_mistralai_Mistral_7B_Instruct_v0_2_few-shot_க_ற_றம_05715.txt,ai
tamil,mistralai_Mistral_7B_Instruct_v0_2,few-shot,தம_ழகம,05770,tamil_mistralai_Mistral_7B_Instruct_v0_2_few-shot_தம_ழகம_05770.txt,articles_today/tamil_mistralai_Mistral_7B_Instruct_v0_2_few-shot_தம_ழகம_05770.txt,ai
tamil,mistralai_Mistral_7B_Instruct_v0_2,few-shot,வ_ள_ய_ட_ட,06538,tamil_mistralai_Mistral_7B_Instruct_v0_2_few-shot_வ_ள_ய_ட_ட_06538.txt,articles_today/tamil_mistralai_Mistral_7B_Instruct_v0_2_few-shot_வ_ள_ய_ட_ட_06538.txt,ai
tamil,mistralai_Mistral_7B_Instruct_v0_2,few-shot,தம_ழகம,06851,tamil_mistralai_Mistral_7B_Instruct_v0_2_few-shot_தம_ழகம_06851.txt,articles_today/tamil_mistralai_Mistral_7B_Instruct_v0_2_few-shot_தம_ழகம_06851.txt,ai
tamil,gemini_2_5_flash,zero-shot,தம_ழகம,1,tamil_gemini_2_5_flash_zero-shot_தம_ழகம_1.txt,articles_today/tamil_gemini_2_5_flash_zero-shot_தம_ழகம_1.txt,ai
tamil,gemini_2_5_flash,zero-shot,இந_த_ய,1,tamil_gemini_2_5_flash_zero-shot_இந_த_ய_1.txt,articles_today/tamil_gemini_2_5_flash_zero-shot_இந_த_ய_1.txt,ai
tamil,gemini_2_5_flash,zero-shot,க_ற_றம,2,tamil_gemini_2_5_flash_zero-shot_க_ற_றம_2.txt,articles_today/tamil_gemini_2_5_flash_zero-shot_க_ற_றம_2.txt,ai
tamil,gemini_2_5_flash,zero-shot,தம_ழகம,2,tamil_gemini_2_5_flash_zero-shot_தம_ழகம_2.txt,articles_today/tamil_gemini_2_5_flash_zero-shot_தம_ழகம_2.txt,ai
tamil,gemini_2_5_flash,zero-shot,தம_ழகம,21,tamil_gemini_2_5_flash_zero-shot_தம_ழகம_21.txt,articles_today/tamil_gemini_2_5_flash_zero-shot_தம_ழகம_21.txt,ai
tamil,gemini_2_5_flash,zero-shot,வ_ள_ய_ட_ட,3,tamil_gemini_2_5_flash_zero-shot_வ_ள_ய_ட_ட_3.txt,articles_today/tamil_gemini_2_5_flash_zero-shot_வ_ள_ய_ட_ட_3.txt,ai
tamil,gemini_2_5_flash,zero-shot,ம_வட_ட_மச_ல,3,tamil_gemini_2_5_flash_zero-shot_ம_வட_ட_மச_ல_3.txt,articles_today/tamil_gemini_2_5_flash_zero-shot_ம_வட_ட_மச_ல_3.txt,ai
tamil,gemini_2_5_flash,zero-shot,க_ற_றம,5,tamil_gemini_2_5_flash_zero-shot_க_ற_றம_5.txt,articles_today/tamil_gemini_2_5_flash_zero-shot_க_ற_றம_5.txt,ai
tamil,gemini_2_5_flash,zero-shot,தம_ழகம,5,tamil_gemini_2_5_flash_zero-shot_தம_ழகம_5.txt,articles_today/tamil_gemini_2_5_flash_zero-shot_தம_ழகம_5.txt,ai
tamil,gemini_2_5_flash,zero-shot,தம_ழகம,9,tamil_gemini_2_5_flash_zero-shot_தம_ழகம_9.txt,articles_today/tamil_gemini_2_5_flash_zero-shot_தம_ழகம_9.txt,ai
tamil,gemini_2_5_pro,zero-shot,தல_யங_கம,1,tamil_gemini_2_5_pro_zero-shot_தல_யங_கம_1.txt,articles_today/tamil_gemini_2_5_pro_zero-shot_தல_யங_கம_1.txt,ai
tamil,gemini_2_5_pro,zero-shot,உலகம,1,tamil_gemini_2_5_pro_zero-shot_உலகம_1.txt,articles_today/tamil_gemini_2_5_pro_zero-shot_உலகம_1.txt,ai
tamil,gemini_2_5_pro,zero-shot,மர_மம,1,tamil_gemini_2_5_pro_zero-shot_மர_மம_1.txt,articles_today/tamil_gemini_2_5_pro_zero-shot_மர_மம_1.txt,ai
tamil,gemini_2_5_pro,zero-shot,தம_ழகம,11,tamil_gemini_2_5_pro_zero-shot_தம_ழகம_11.txt,articles_today/tamil_gemini_2_5_pro_zero-shot_தம_ழகம_11.txt,ai
tamil,gemini_2_5_pro,zero-shot,தம_ழகம,2,tamil_gemini_2_5_pro_zero-shot_தம_ழகம_2.txt,articles_today/tamil_gemini_2_5_pro_zero-shot_தம_ழகம_2.txt,ai
tamil,gemini_2_5_pro,zero-shot,ம_வட_ட_மச_ல,2,tamil_gemini_2_5_pro_zero-shot_ம_வட_ட_மச_ல_2.txt,articles_today/tamil_gemini_2_5_pro_zero-shot_ம_வட_ட_மச_ல_2.txt,ai
tamil,gemini_2_5_pro,zero-shot,தம_ழகம,25,tamil_gemini_2_5_pro_zero-shot_தம_ழகம_25.txt,articles_today/tamil_gemini_2_5_pro_zero-shot_தம_ழகம_25.txt,ai
tamil,gemini_2_5_pro,zero-shot,க_ற_றம,4,tamil_gemini_2_5_pro_zero-shot_க_ற_றம_4.txt,articles_today/tamil_gemini_2_5_pro_zero-shot_க_ற_றம_4.txt,ai
tamil,gemini_2_5_pro,zero-shot,க_ற_றம,5,tamil_gemini_2_5_pro_zero-shot_க_ற_றம_5.txt,articles_today/tamil_gemini_2_5_pro_zero-shot_க_ற_றம_5.txt,ai
tamil,gemini_2_5_pro,zero-shot,க_ற_றம,8,tamil_gemini_2_5_pro_zero-shot_க_ற_றம_8.txt,articles_today/tamil_gemini_2_5_pro_zero-shot_க_ற_றம_8.txt,ai
tamil,gemma_3_12b_it,zero-shot,ம_வட_ட_மச_ல,1,tamil_gemma_3_12b_it_zero-shot_ம_வட_ட_மச_ல_1.txt,articles_today/tamil_gemma_3_12b_it_zero-shot_ம_வட_ட_மச_ல_1.txt,ai
tamil,gemma_3_12b_it,zero-shot,தம_ழகம,2,tamil_gemma_3_12b_it_zero-shot_தம_ழகம_2.txt,articles_today/tamil_gemma_3_12b_it_zero-shot_தம_ழகம_2.txt,ai
tamil,gemma_3_12b_it,zero-shot,தம_ழகம,22,tamil_gemma_3_12b_it_zero-shot_தம_ழகம_22.txt,articles_today/tamil_gemma_3_12b_it_zero-shot_தம_ழகம_22.txt,ai
tamil,gemma_3_12b_it,zero-shot,தம_ழகம,24,tamil_gemma_3_12b_it_zero-shot_தம_ழகம_24.txt,articles_today/tamil_gemma_3_12b_it_zero-shot_தம_ழகம_24.txt,ai
tamil,gemma_3_12b_it,zero-shot,க_ற_றம,3,tamil_gemma_3_12b_it_zero-shot_க_ற_றம_3.txt,articles_today/tamil_gemma_3_12b_it_zero-shot_க_ற_றம_3.txt,ai
tamil,gemma_3_12b_it,zero-shot,ம_வட_ட_மச_ல,3,tamil_gemma_3_12b_it_zero-shot_ம_வட_ட_மச_ல_3.txt,articles_today/tamil_gemma_3_12b_it_zero-shot_ம_வட_ட_மச_ல_3.txt,ai
tamil,gemma_3_12b_it,zero-shot,தம_ழகம,3,tamil_gemma_3_12b_it_zero-shot_தம_ழகம_3.txt,articles_today/tamil_gemma_3_12b_it_zero-shot_தம_ழகம_3.txt,ai
tamil,gemma_3_12b_it,zero-shot,ச_ன_ம_ர_ல_ம,4,tamil_gemma_3_12b_it_zero-shot_ச_ன_ம_ர_ல_ம_4.txt,articles_today/tamil_gemma_3_12b_it_zero-shot_ச_ன_ம_ர_ல_ம_4.txt,ai
tamil,gemma_3_12b_it,zero-shot,இந_த_ய,6,tamil_gemma_3_12b_it_zero-shot_இந_த_ய_6.txt,articles_today/tamil_gemma_3_12b_it_zero-shot_இந_த_ய_6.txt,ai
tamil,gemma_3_12b_it,zero-shot,க_ற_றம,7,tamil_gemma_3_12b_it_zero-shot_க_ற_றம_7.txt,articles_today/tamil_gemma_3_12b_it_zero-shot_க_ற_றம_7.txt,ai
tamil,gpt_4o,zero-shot,ம_வட_ட_மச_ல,01052,tamil_gpt_4o_zero-shot_ம_வட_ட_மச_ல_01052.txt,articles_today/tamil_gpt_4o_zero-shot_ம_வட_ட_மச_ல_01052.txt,ai
tamil,gpt_4o,zero-shot,இந_த_ய,01359,tamil_gpt_4o_zero-shot_இந_த_ய_01359.txt,articles_today/tamil_gpt_4o_zero-shot_இந_த_ய_01359.txt,ai
tamil,gpt_4o,zero-shot,தம_ழகம,01530,tamil_gpt_4o_zero-shot_தம_ழகம_01530.txt,articles_today/tamil_gpt_4o_zero-shot_தம_ழகம_01530.txt,ai
tamil,gpt_4o,zero-shot,ஸ_ட_ட_எக_ஸ_ப_ரஸ,01861,tamil_gpt_4o_zero-shot_ஸ_ட_ட_எக_ஸ_ப_ரஸ_01861.txt,articles_today/tamil_gpt_4o_zero-shot_ஸ_ட_ட_எக_ஸ_ப_ரஸ_01861.txt,ai
tamil,gpt_4o,zero-shot,க_ற_றம,02307,tamil_gpt_4o_zero-shot_க_ற_றம_02307.txt,articles_today/tamil_gpt_4o_zero-shot_க_ற_றம_02307.txt,ai
tamil,gpt_4o,zero-shot,உலகம,02761,tamil_gpt_4o_zero-shot_உலகம_02761.txt,articles_today/tamil_gpt_4o_zero-shot_உலகம_02761.txt,ai
tamil,gpt_4o,zero-shot,தம_ழகம,04286,tamil_gpt_4o_zero-shot_தம_ழகம_04286.txt,articles_today/tamil_gpt_4o_zero-shot_தம_ழகம_04286.txt,ai
tamil,gpt_4o,zero-shot,தம_ழகம,04529,tamil_gpt_4o_zero-shot_தம_ழகம_04529.txt,articles_today/tamil_gpt_4o_zero-shot_தம_ழகம_04529.txt,ai
tamil,gpt_4o,zero-shot,ம_வட_ட_மச_ல,06817,tamil_gpt_4o_zero-shot_ம_வட_ட_மச_ல_06817.txt,articles_today/tamil_gpt_4o_zero-shot_ம_வட_ட_மச_ல_06817.txt,ai
tamil,gpt_4o,zero-shot,தம_ழகம,19,tamil_gpt_4o_zero-shot_தம_ழகம_19.txt,articles_today/tamil_gpt_4o_zero-shot_தம_ழகம_19.txt,ai
tamil,mistralai_Mistral_7B_Instruct_v0_2,zero-shot,ம_வட_ட_மச_ல,00489,tamil_mistralai_Mistral_7B_Instruct_v0_2_zero-shot_ம_வட_ட_மச_ல_00489.txt,articles_today/tamil_mistralai_Mistral_7B_Instruct_v0_2_zero-shot_ம_வட_ட_மச_ல_00489.txt,ai
tamil,mistralai_Mistral_7B_Instruct_v0_2,zero-shot,தம_ழகம,00895,tamil_mistralai_Mistral_7B_Instruct_v0_2_zero-shot_தம_ழகம_00895.txt,articles_today/tamil_mistralai_Mistral_7B_Instruct_v0_2_zero-shot_தம_ழகம_00895.txt,ai
tamil,mistralai_Mistral_7B_Instruct_v0_2,zero-shot,க_ற_றம,00953,tamil_mistralai_Mistral_7B_Instruct_v0_2_zero-shot_க_ற_றம_00953.txt,articles_today/tamil_mistralai_Mistral_7B_Instruct_v0_2_zero-shot_க_ற_றம_00953.txt,ai
tamil,mistralai_Mistral_7B_Instruct_v0_2,zero-shot,தம_ழகம,02604,tamil_mistralai_Mistral_7B_Instruct_v0_2_zero-shot_தம_ழகம_02604.txt,articles_today/tamil_mistralai_Mistral_7B_Instruct_v0_2_zero-shot_தம_ழகம_02604.txt,ai
tamil,mistralai_Mistral_7B_Instruct_v0_2,zero-shot,தம_ழகம,02887,tamil_mistralai_Mistral_7B_Instruct_v0_2_zero-shot_தம_ழகம_02887.txt,articles_today/tamil_mistralai_Mistral_7B_Instruct_v0_2_zero-shot_தம_ழகம_02887.txt,ai
tamil,mistralai_Mistral_7B_Instruct_v0_2,zero-shot,தம_ழகம,03712,tamil_mistralai_Mistral_7B_Instruct_v0_2_zero-shot_தம_ழகம_03712.txt,articles_today/tamil_mistralai_Mistral_7B_Instruct_v0_2_zero-shot_தம_ழகம_03712.txt,ai
tamil,mistralai_Mistral_7B_Instruct_v0_2,zero-shot,க_ற_றம,04893,tamil_mistralai_Mistral_7B_Instruct_v0_2_zero-shot_க_ற_றம_04893.txt,articles_today/tamil_mistralai_Mistral_7B_Instruct_v0_2_zero-shot_க_ற_றம_04893.txt,ai
tamil,mistralai_Mistral_7B_Instruct_v0_2,zero-shot,தம_ழகம,04965,tamil_mistralai_Mistral_7B_Instruct_v0_2_zero-shot_தம_ழகம_04965.txt,articles_today/tamil_mistralai_Mistral_7B_Instruct_v0_2_zero-shot_தம_ழகம_04965.txt,ai
tamil,mistralai_Mistral_7B_Instruct_v0_2,zero-shot,க_ற_றம,06454,tamil_mistralai_Mistral_7B_Instruct_v0_2_zero-shot_க_ற_றம_06454.txt,articles_today/tamil_mistralai_Mistral_7B_Instruct_v0_2_zero-shot_க_ற_றம_06454.txt,ai
tamil,mistralai_Mistral_7B_Instruct_v0_2,zero-shot,க_ற_றம,6,tamil_mistralai_Mistral_7B_Instruct_v0_2_zero-shot_க_ற_றம_6.txt,articles_today/tamil_mistralai_Mistral_7B_Instruct_v0_2_zero-shot_க_ற_றம_6.txt,ai
telugu,gemini_2_5_flash,chain-of-thought,eenadu_crime,1,telugu_gemini_2_5_flash_chain-of-thought_eenadu_crime_1.txt,articles_today/telugu_gemini_2_5_flash_chain-of-thought_eenadu_crime_1.txt,ai
telugu,gemini_2_5_flash,chain-of-thought,eenadu_sports,1,telugu_gemini_2_5_flash_chain-of-thought_eenadu_sports_1.txt,articles_today/telugu_gemini_2_5_flash_chain-of-thought_eenadu_sports_1.txt,ai
telugu,gemini_2_5_flash,chain-of-thought,eenadu_business,11,telugu_gemini_2_5_flash_chain-of-thought_eenadu_business_11.txt,articles_today/telugu_gemini_2_5_flash_chain-of-thought_eenadu_business_11.txt,ai
telugu,gemini_2_5_flash,chain-of-thought,eenadu_national,11,telugu_gemini_2_5_flash_chain-of-thought_eenadu_national_11.txt,articles_today/telugu_gemini_2_5_flash_chain-of-thought_eenadu_national_11.txt,ai
telugu,gemini_2_5_flash,chain-of-thought,eenadu_sports,12,telugu_gemini_2_5_flash_chain-of-thought_eenadu_sports_12.txt,articles_today/telugu_gemini_2_5_flash_chain-of-thought_eenadu_sports_12.txt,ai
telugu,gemini_2_5_flash,chain-of-thought,eenadu_cinema,4,telugu_gemini_2_5_flash_chain-of-thought_eenadu_cinema_4.txt,articles_today/telugu_gemini_2_5_flash_chain-of-thought_eenadu_cinema_4.txt,ai
telugu,gemini_2_5_flash,chain-of-thought,eenadu_crime,4,telugu_gemini_2_5_flash_chain-of-thought_eenadu_crime_4.txt,articles_today/telugu_gemini_2_5_flash_chain-of-thought_eenadu_crime_4.txt,ai
telugu,gemini_2_5_flash,chain-of-thought,eenadu_sports,4,telugu_gemini_2_5_flash_chain-of-thought_eenadu_sports_4.txt,articles_today/telugu_gemini_2_5_flash_chain-of-thought_eenadu_sports_4.txt,ai
telugu,gemini_2_5_flash,chain-of-thought,eenadu_cinema,8,telugu_gemini_2_5_flash_chain-of-thought_eenadu_cinema_8.txt,articles_today/telugu_gemini_2_5_flash_chain-of-thought_eenadu_cinema_8.txt,ai
telugu,gemini_2_5_flash,chain-of-thought,eenadu_crime,9,telugu_gemini_2_5_flash_chain-of-thought_eenadu_crime_9.txt,articles_today/telugu_gemini_2_5_flash_chain-of-thought_eenadu_crime_9.txt,ai
telugu,gemini_2_5_pro,chain-of-thought,eenadu_crime,1,telugu_gemini_2_5_pro_chain-of-thought_eenadu_crime_1.txt,articles_today/telugu_gemini_2_5_pro_chain-of-thought_eenadu_crime_1.txt,ai
telugu,gemini_2_5_pro,chain-of-thought,eenadu_sports,11,telugu_gemini_2_5_pro_chain-of-thought_eenadu_sports_11.txt,articles_today/telugu_gemini_2_5_pro_chain-of-thought_eenadu_sports_11.txt,ai
telugu,gemini_2_5_pro,chain-of-thought,eenadu_national,2,telugu_gemini_2_5_pro_chain-of-thought_eenadu_national_2.txt,articles_today/telugu_gemini_2_5_pro_chain-of-thought_eenadu_national_2.txt,ai
telugu,gemini_2_5_pro,chain-of-thought,eenadu_cinema,2,telugu_gemini_2_5_pro_chain-of-thought_eenadu_cinema_2.txt,articles_today/telugu_gemini_2_5_pro_chain-of-thought_eenadu_cinema_2.txt,ai
telugu,gemini_2_5_pro,chain-of-thought,eenadu_business,3,telugu_gemini_2_5_pro_chain-of-thought_eenadu_business_3.txt,articles_today/telugu_gemini_2_5_pro_chain-of-thought_eenadu_business_3.txt,ai
telugu,gemini_2_5_pro,chain-of-thought,eenadu_cinema,4,telugu_gemini_2_5_pro_chain-of-thought_eenadu_cinema_4.txt,articles_today/telugu_gemini_2_5_pro_chain-of-thought_eenadu_cinema_4.txt,ai
telugu,gemini_2_5_pro,chain-of-thought,eenadu_sports,5,telugu_gemini_2_5_pro_chain-of-thought_eenadu_sports_5.txt,articles_today/telugu_gemini_2_5_pro_chain-of-thought_eenadu_sports_5.txt,ai
telugu,gemini_2_5_pro,chain-of-thought,eenadu_cinema,7,telugu_gemini_2_5_pro_chain-of-thought_eenadu_cinema_7.txt,articles_today/telugu_gemini_2_5_pro_chain-of-thought_eenadu_cinema_7.txt,ai
telugu,gemini_2_5_pro,chain-of-thought,eenadu_national,7,telugu_gemini_2_5_pro_chain-of-thought_eenadu_national_7.txt,articles_today/telugu_gemini_2_5_pro_chain-of-thought_eenadu_national_7.txt,ai
telugu,gemini_2_5_pro,chain-of-thought,eenadu_national,9,telugu_gemini_2_5_pro_chain-of-thought_eenadu_national_9.txt,articles_today/telugu_gemini_2_5_pro_chain-of-thought_eenadu_national_9.txt,ai
telugu,gemma_3_12b_it,chain-of-thought,eenadu_cinema,1,telugu_gemma_3_12b_it_chain-of-thought_eenadu_cinema_1.txt,articles_today/telugu_gemma_3_12b_it_chain-of-thought_eenadu_cinema_1.txt,ai
telugu,gemma_3_12b_it,chain-of-thought,eenadu_national,1,telugu_gemma_3_12b_it_chain-of-thought_eenadu_national_1.txt,articles_today/telugu_gemma_3_12b_it_chain-of-thought_eenadu_national_1.txt,ai
telugu,gemma_3_12b_it,chain-of-thought,eenadu_business,10,telugu_gemma_3_12b_it_chain-of-thought_eenadu_business_10.txt,articles_today/telugu_gemma_3_12b_it_chain-of-thought_eenadu_business_10.txt,ai
telugu,gemma_3_12b_it,chain-of-thought,eenadu_business,2,telugu_gemma_3_12b_it_chain-of-thought_eenadu_business_2.txt,articles_today/telugu_gemma_3_12b_it_chain-of-thought_eenadu_business_2.txt,ai
telugu,gemma_3_12b_it,chain-of-thought,eenadu_national,3,telugu_gemma_3_12b_it_chain-of-thought_eenadu_national_3.txt,articles_today/telugu_gemma_3_12b_it_chain-of-thought_eenadu_national_3.txt,ai
telugu,gemma_3_12b_it,chain-of-thought,eenadu_crime,4,telugu_gemma_3_12b_it_chain-of-thought_eenadu_crime_4.txt,articles_today/telugu_gemma_3_12b_it_chain-of-thought_eenadu_crime_4.txt,ai
telugu,gemma_3_12b_it,chain-of-thought,eenadu_national,6,telugu_gemma_3_12b_it_chain-of-thought_eenadu_national_6.txt,articles_today/telugu_gemma_3_12b_it_chain-of-thought_eenadu_national_6.txt,ai
telugu,gemma_3_12b_it,chain-of-thought,eenadu_cinema,7,telugu_gemma_3_12b_it_chain-of-thought_eenadu_cinema_7.txt,articles_today/telugu_gemma_3_12b_it_chain-of-thought_eenadu_cinema_7.txt,ai
telugu,gemma_3_12b_it,chain-of-thought,eenadu_cinema,8,telugu_gemma_3_12b_it_chain-of-thought_eenadu_cinema_8.txt,articles_today/telugu_gemma_3_12b_it_chain-of-thought_eenadu_cinema_8.txt,ai
telugu,gemma_3_12b_it,chain-of-thought,eenadu_business,9,telugu_gemma_3_12b_it_chain-of-thought_eenadu_business_9.txt,articles_today/telugu_gemma_3_12b_it_chain-of-thought_eenadu_business_9.txt,ai
telugu,gpt_4o,chain-of-thought,eenadu_crime,00198,telugu_gpt_4o_chain-of-thought_eenadu_crime_00198.txt,articles_today/telugu_gpt_4o_chain-of-thought_eenadu_crime_00198.txt,ai
telugu,gpt_4o,chain-of-thought,eenadu_cinema,00484,telugu_gpt_4o_chain-of-thought_eenadu_cinema_00484.txt,articles_today/telugu_gpt_4o_chain-of-thought_eenadu_cinema_00484.txt,ai
telugu,gpt_4o,chain-of-thought,eenadu_national,00712,telugu_gpt_4o_chain-of-thought_eenadu_national_00712.txt,articles_today/telugu_gpt_4o_chain-of-thought_eenadu_national_00712.txt,ai
telugu,gpt_4o,chain-of-thought,eenadu_national,01424,telugu_gpt_4o_chain-of-thought_eenadu_national_01424.txt,articles_today/telugu_gpt_4o_chain-of-thought_eenadu_national_01424.txt,ai
telugu,gpt_4o,chain-of-thought,eenadu_national,02476,telugu_gpt_4o_chain-of-thought_eenadu_national_02476.txt,articles_today/telugu_gpt_4o_chain-of-thought_eenadu_national_02476.txt,ai
telugu,gpt_4o,chain-of-thought,eenadu_sports,02850,telugu_gpt_4o_chain-of-thought_eenadu_sports_02850.txt,articles_today/telugu_gpt_4o_chain-of-thought_eenadu_sports_02850.txt,ai
telugu,gpt_4o,chain-of-thought,eenadu_sports,03333,telugu_gpt_4o_chain-of-thought_eenadu_sports_03333.txt,articles_today/telugu_gpt_4o_chain-of-thought_eenadu_sports_03333.txt,ai
telugu,gpt_4o,chain-of-thought,eenadu_crime,05321,telugu_gpt_4o_chain-of-thought_eenadu_crime_05321.txt,articles_today/telugu_gpt_4o_chain-of-thought_eenadu_crime_05321.txt,ai
telugu,gpt_4o,chain-of-thought,eenadu_business,07029,telugu_gpt_4o_chain-of-thought_eenadu_business_07029.txt,articles_today/telugu_gpt_4o_chain-of-thought_eenadu_business_07029.txt,ai
telugu,gpt_4o,chain-of-thought,eenadu_cinema,07212,telugu_gpt_4o_chain-of-thought_eenadu_cinema_07212.txt,articles_today/telugu_gpt_4o_chain-of-thought_eenadu_cinema_07212.txt,ai
telugu,mistralai_Mistral_7B_Instruct_v0_2,chain-of-thought,eenadu_sports,00724,telugu_mistralai_Mistral_7B_Instruct_v0_2_chain-of-thought_eenadu_sports_00724.txt,articles_today/telugu_mistralai_Mistral_7B_Instruct_v0_2_chain-of-thought_eenadu_sports_00724.txt,ai
telugu,mistralai_Mistral_7B_Instruct_v0_2,chain-of-thought,eenadu_cinema,01155,telugu_mistralai_Mistral_7B_Instruct_v0_2_chain-of-thought_eenadu_cinema_01155.txt,articles_today/telugu_mistralai_Mistral_7B_Instruct_v0_2_chain-of-thought_eenadu_cinema_01155.txt,ai
telugu,mistralai_Mistral_7B_Instruct_v0_2,chain-of-thought,eenadu_cinema,01225,telugu_mistralai_Mistral_7B_Instruct_v0_2_chain-of-thought_eenadu_cinema_01225.txt,articles_today/telugu_mistralai_Mistral_7B_Instruct_v0_2_chain-of-thought_eenadu_cinema_01225.txt,ai
telugu,mistralai_Mistral_7B_Instruct_v0_2,chain-of-thought,eenadu_sports,01302,telugu_mistralai_Mistral_7B_Instruct_v0_2_chain-of-thought_eenadu_sports_01302.txt,articles_today/telugu_mistralai_Mistral_7B_Instruct_v0_2_chain-of-thought_eenadu_sports_01302.txt,ai
telugu,mistralai_Mistral_7B_Instruct_v0_2,chain-of-thought,eenadu_sports,03097,telugu_mistralai_Mistral_7B_Instruct_v0_2_chain-of-thought_eenadu_sports_03097.txt,articles_today/telugu_mistralai_Mistral_7B_Instruct_v0_2_chain-of-thought_eenadu_sports_03097.txt,ai
telugu,mistralai_Mistral_7B_Instruct_v0_2,chain-of-thought,eenadu_business,03426,telugu_mistralai_Mistral_7B_Instruct_v0_2_chain-of-thought_eenadu_business_03426.txt,articles_today/telugu_mistralai_Mistral_7B_Instruct_v0_2_chain-of-thought_eenadu_business_03426.txt,ai
telugu,mistralai_Mistral_7B_Instruct_v0_2,chain-of-thought,eenadu_cinema,05293,telugu_mistralai_Mistral_7B_Instruct_v0_2_chain-of-thought_eenadu_cinema_05293.txt,articles_today/telugu_mistralai_Mistral_7B_Instruct_v0_2_chain-of-thought_eenadu_cinema_05293.txt,ai
telugu,mistralai_Mistral_7B_Instruct_v0_2,chain-of-thought,eenadu_sports,05965,telugu_mistralai_Mistral_7B_Instruct_v0_2_chain-of-thought_eenadu_sports_05965.txt,articles_today/telugu_mistralai_Mistral_7B_Instruct_v0_2_chain-of-thought_eenadu_sports_05965.txt,ai
telugu,mistralai_Mistral_7B_Instruct_v0_2,chain-of-thought,eenadu_business,06270,telugu_mistralai_Mistral_7B_Instruct_v0_2_chain-of-thought_eenadu_business_06270.txt,articles_today/telugu_mistralai_Mistral_7B_Instruct_v0_2_chain-of-thought_eenadu_business_06270.txt,ai
telugu,mistralai_Mistral_7B_Instruct_v0_2,chain-of-thought,eenadu_business,07011,telugu_mistralai_Mistral_7B_Instruct_v0_2_chain-of-thought_eenadu_business_07011.txt,articles_today/telugu_mistralai_Mistral_7B_Instruct_v0_2_chain-of-thought_eenadu_business_07011.txt,ai
telugu,gemini_2_5_flash,few-shot,eenadu_sports,1,telugu_gemini_2_5_flash_few-shot_eenadu_sports_1.txt,articles_today/telugu_gemini_2_5_flash_few-shot_eenadu_sports_1.txt,ai
telugu,gemini_2_5_flash,few-shot,eenadu_business,11,telugu_gemini_2_5_flash_few-shot_eenadu_business_11.txt,articles_today/telugu_gemini_2_5_flash_few-shot_eenadu_business_11.txt,ai
telugu,gemini_2_5_flash,few-shot,eenadu_sports,11,telugu_gemini_2_5_flash_few-shot_eenadu_sports_11.txt,articles_today/telugu_gemini_2_5_flash_few-shot_eenadu_sports_11.txt,ai
telugu,gemini_2_5_flash,few-shot,eenadu_national,12,telugu_gemini_2_5_flash_few-shot_eenadu_national_12.txt,articles_today/telugu_gemini_2_5_flash_few-shot_eenadu_national_12.txt,ai
telugu,gemini_2_5_flash,few-shot,eenadu_national,14,telugu_gemini_2_5_flash_few-shot_eenadu_national_14.txt,articles_today/telugu_gemini_2_5_flash_few-shot_eenadu_national_14.txt,ai
telugu,gemini_2_5_flash,few-shot,eenadu_sports,2,telugu_gemini_2_5_flash_few-shot_eenadu_sports_2.txt,articles_today/telugu_gemini_2_5_flash_few-shot_eenadu_sports_2.txt,ai
telugu,gemini_2_5_flash,few-shot,eenadu_business,3,telugu_gemini_2_5_flash_few-shot_eenadu_business_3.txt,articles_today/telugu_gemini_2_5_flash_few-shot_eenadu_business_3.txt,ai
telugu,gemini_2_5_flash,few-shot,eenadu_cinema,5,telugu_gemini_2_5_flash_few-shot_eenadu_cinema_5.txt,articles_today/telugu_gemini_2_5_flash_few-shot_eenadu_cinema_5.txt,ai
telugu,gemini_2_5_flash,few-shot,eenadu_crime,6,telugu_gemini_2_5_flash_few-shot_eenadu_crime_6.txt,articles_today/telugu_gemini_2_5_flash_few-shot_eenadu_crime_6.txt,ai
telugu,gemini_2_5_flash,few-shot,eenadu_crime,9,telugu_gemini_2_5_flash_few-shot_eenadu_crime_9.txt,articles_today/telugu_gemini_2_5_flash_few-shot_eenadu_crime_9.txt,ai
telugu,gemini_2_5_pro,few-shot,eenadu_crime,10,telugu_gemini_2_5_pro_few-shot_eenadu_crime_10.txt,articles_today/telugu_gemini_2_5_pro_few-shot_eenadu_crime_10.txt,ai
telugu,gemini_2_5_pro,few-shot,eenadu_business,12,telugu_gemini_2_5_pro_few-shot_eenadu_business_12.txt,articles_today/telugu_gemini_2_5_pro_few-shot_eenadu_business_12.txt,ai
telugu,gemini_2_5_pro,few-shot,eenadu_national,14,telugu_gemini_2_5_pro_few-shot_eenadu_national_14.txt,articles_today/telugu_gemini_2_5_pro_few-shot_eenadu_national_14.txt,ai
telugu,gemini_2_5_pro,few-shot,eenadu_sports,17,telugu_gemini_2_5_pro_few-shot_eenadu_sports_17.txt,articles_today/telugu_gemini_2_5_pro_few-shot_eenadu_sports_17.txt,ai
telugu,gemini_2_5_pro,few-shot,eenadu_national,2,telugu_gemini_2_5_pro_few-shot_eenadu_national_2.txt,articles_today/telugu_gemini_2_5_pro_few-shot_eenadu_national_2.txt,ai
telugu,gemini_2_5_pro,few-shot,eenadu_national,4,telugu_gemini_2_5_pro_few-shot_eenadu_national_4.txt,articles_today/telugu_gemini_2_5_pro_few-shot_eenadu_national_4.txt,ai
telugu,gemini_2_5_pro,few-shot,eenadu_cinema,5,telugu_gemini_2_5_pro_few-shot_eenadu_cinema_5.txt,articles_today/telugu_gemini_2_5_pro_few-shot_eenadu_cinema_5.txt,ai
telugu,gemini_2_5_pro,few-shot,eenadu_business,7,telugu_gemini_2_5_pro_few-shot_eenadu_business_7.txt,articles_today/telugu_gemini_2_5_pro_few-shot_eenadu_business_7.txt,ai
telugu,gemini_2_5_pro,few-shot,eenadu_cinema,9,telugu_gemini_2_5_pro_few-shot_eenadu_cinema_9.txt,articles_today/telugu_gemini_2_5_pro_few-shot_eenadu_cinema_9.txt,ai
telugu,gemini_2_5_pro,few-shot,eenadu_crime,9,telugu_gemini_2_5_pro_few-shot_eenadu_crime_9.txt,articles_today/telugu_gemini_2_5_pro_few-shot_eenadu_crime_9.txt,ai
telugu,gemma_3_12b_it,few-shot,eenadu_business,1,telugu_gemma_3_12b_it_few-shot_eenadu_business_1.txt,articles_today/telugu_gemma_3_12b_it_few-shot_eenadu_business_1.txt,ai
telugu,gemma_3_12b_it,few-shot,eenadu_cinema,1,telugu_gemma_3_12b_it_few-shot_eenadu_cinema_1.txt,articles_today/telugu_gemma_3_12b_it_few-shot_eenadu_cinema_1.txt,ai
telugu,gemma_3_12b_it,few-shot,eenadu_business,10,telugu_gemma_3_12b_it_few-shot_eenadu_business_10.txt,articles_today/telugu_gemma_3_12b_it_few-shot_eenadu_business_10.txt,ai
telugu,gemma_3_12b_it,few-shot,eenadu_national,11,telugu_gemma_3_12b_it_few-shot_eenadu_national_11.txt,articles_today/telugu_gemma_3_12b_it_few-shot_eenadu_national_11.txt,ai
telugu,gemma_3_12b_it,few-shot,eenadu_business,2,telugu_gemma_3_12b_it_few-shot_eenadu_business_2.txt,articles_today/telugu_gemma_3_12b_it_few-shot_eenadu_business_2.txt,ai
telugu,gemma_3_12b_it,few-shot,eenadu_business,3,telugu_gemma_3_12b_it_few-shot_eenadu_business_3.txt,articles_today/telugu_gemma_3_12b_it_few-shot_eenadu_business_3.txt,ai
telugu,gemma_3_12b_it,few-shot,eenadu_business,4,telugu_gemma_3_12b_it_few-shot_eenadu_business_4.txt,articles_today/telugu_gemma_3_12b_it_few-shot_eenadu_business_4.txt,ai
telugu,gemma_3_12b_it,few-shot,eenadu_business,6,telugu_gemma_3_12b_it_few-shot_eenadu_business_6.txt,articles_today/telugu_gemma_3_12b_it_few-shot_eenadu_business_6.txt,ai
telugu,gemma_3_12b_it,few-shot,eenadu_national,7,telugu_gemma_3_12b_it_few-shot_eenadu_national_7.txt,articles_today/telugu_gemma_3_12b_it_few-shot_eenadu_national_7.txt,ai
telugu,gemma_3_12b_it,few-shot,eenadu_national,9,telugu_gemma_3_12b_it_few-shot_eenadu_national_9.txt,articles_today/telugu_gemma_3_12b_it_few-shot_eenadu_national_9.txt,ai
telugu,gpt_4o,few-shot,eenadu_national,00148,telugu_gpt_4o_few-shot_eenadu_national_00148.txt,articles_today/telugu_gpt_4o_few-shot_eenadu_national_00148.txt,ai
telugu,gpt_4o,few-shot,eenadu_national,00586,telugu_gpt_4o_few-shot_eenadu_national_00586.txt,articles_today/telugu_gpt_4o_few-shot_eenadu_national_00586.txt,ai
telugu,gpt_4o,few-shot,eenadu_crime,02076,telugu_gpt_4o_few-shot_eenadu_crime_02076.txt,articles_today/telugu_gpt_4o_few-shot_eenadu_crime_02076.txt,ai
telugu,gpt_4o,few-shot,eenadu_national,04905,telugu_gpt_4o_few-shot_eenadu_national_04905.txt,articles_today/telugu_gpt_4o_few-shot_eenadu_national_04905.txt,ai
telugu,gpt_4o,few-shot,eenadu_sports,05132,telugu_gpt_4o_few-shot_eenadu_sports_05132.txt,articles_today/telugu_gpt_4o_few-shot_eenadu_sports_05132.txt,ai
telugu,gpt_4o,few-shot,eenadu_national,05150,telugu_gpt_4o_few-shot_eenadu_national_05150.txt,articles_today/telugu_gpt_4o_few-shot_eenadu_national_05150.txt,ai
telugu,gpt_4o,few-shot,eenadu_national,06713,telugu_gpt_4o_few-shot_eenadu_national_06713.txt,articles_today/telugu_gpt_4o_few-shot_eenadu_national_06713.txt,ai
telugu,gpt_4o,few-shot,eenadu_sports,15,telugu_gpt_4o_few-shot_eenadu_sports_15.txt,articles_today/telugu_gpt_4o_few-shot_eenadu_sports_15.txt,ai
telugu,gpt_4o,few-shot,eenadu_cinema,4,telugu_gpt_4o_few-shot_eenadu_cinema_4.txt,articles_today/telugu_gpt_4o_few-shot_eenadu_cinema_4.txt,ai
telugu,gpt_4o,few-shot,eenadu_sports,4,telugu_gpt_4o_few-shot_eenadu_sports_4.txt,articles_today/telugu_gpt_4o_few-shot_eenadu_sports_4.txt,ai
telugu,mistralai_Mistral_7B_Instruct_v0_2,few-shot,eenadu_cinema,02289,telugu_mistralai_Mistral_7B_Instruct_v0_2_few-shot_eenadu_cinema_02289.txt,articles_today/telugu_mistralai_Mistral_7B_Instruct_v0_2_few-shot_eenadu_cinema_02289.txt,ai
telugu,mistralai_Mistral_7B_Instruct_v0_2,few-shot,eenadu_sports,02768,telugu_mistralai_Mistral_7B_Instruct_v0_2_few-shot_eenadu_sports_02768.txt,articles_today/telugu_mistralai_Mistral_7B_Instruct_v0_2_few-shot_eenadu_sports_02768.txt,ai
telugu,mistralai_Mistral_7B_Instruct_v0_2,few-shot,eenadu_business,02891,telugu_mistralai_Mistral_7B_Instruct_v0_2_few-shot_eenadu_business_02891.txt,articles_today/telugu_mistralai_Mistral_7B_Instruct_v0_2_few-shot_eenadu_business_02891.txt,ai
telugu,mistralai_Mistral_7B_Instruct_v0_2,few-shot,eenadu_crime,03535,telugu_mistralai_Mistral_7B_Instruct_v0_2_few-shot_eenadu_crime_03535.txt,articles_today/telugu_mistralai_Mistral_7B_Instruct_v0_2_few-shot_eenadu_crime_03535.txt,ai
telugu,mistralai_Mistral_7B_Instruct_v0_2,few-shot,eenadu_cinema,03937,telugu_mistralai_Mistral_7B_Instruct_v0_2_few-shot_eenadu_cinema_03937.txt,articles_today/telugu_mistralai_Mistral_7B_Instruct_v0_2_few-shot_eenadu_cinema_03937.txt,ai
telugu,mistralai_Mistral_7B_Instruct_v0_2,few-shot,eenadu_crime,05331,telugu_mistralai_Mistral_7B_Instruct_v0_2_few-shot_eenadu_crime_05331.txt,articles_today/telugu_mistralai_Mistral_7B_Instruct_v0_2_few-shot_eenadu_crime_05331.txt,ai
telugu,mistralai_Mistral_7B_Instruct_v0_2,few-shot,eenadu_national,05545,telugu_mistralai_Mistral_7B_Instruct_v0_2_few-shot_eenadu_national_05545.txt,articles_today/telugu_mistralai_Mistral_7B_Instruct_v0_2_few-shot_eenadu_national_05545.txt,ai
telugu,mistralai_Mistral_7B_Instruct_v0_2,few-shot,eenadu_sports,06814,telugu_mistralai_Mistral_7B_Instruct_v0_2_few-shot_eenadu_sports_06814.txt,articles_today/telugu_mistralai_Mistral_7B_Instruct_v0_2_few-shot_eenadu_sports_06814.txt,ai
telugu,mistralai_Mistral_7B_Instruct_v0_2,few-shot,eenadu_national,1,telugu_mistralai_Mistral_7B_Instruct_v0_2_few-shot_eenadu_national_1.txt,articles_today/telugu_mistralai_Mistral_7B_Instruct_v0_2_few-shot_eenadu_national_1.txt,ai
telugu,mistralai_Mistral_7B_Instruct_v0_2,few-shot,eenadu_business,2,telugu_mistralai_Mistral_7B_Instruct_v0_2_few-shot_eenadu_business_2.txt,articles_today/telugu_mistralai_Mistral_7B_Instruct_v0_2_few-shot_eenadu_business_2.txt,ai
telugu,gemini_2_5_flash,zero-shot,eenadu_cinema,1,telugu_gemini_2_5_flash_zero-shot_eenadu_cinema_1.txt,articles_today/telugu_gemini_2_5_flash_zero-shot_eenadu_cinema_1.txt,ai
telugu,gemini_2_5_flash,zero-shot,eenadu_national,11,telugu_gemini_2_5_flash_zero-shot_eenadu_national_11.txt,articles_today/telugu_gemini_2_5_flash_zero-shot_eenadu_national_11.txt,ai
telugu,gemini_2_5_flash,zero-shot,eenadu_national,14,telugu_gemini_2_5_flash_zero-shot_eenadu_national_14.txt,articles_today/telugu_gemini_2_5_flash_zero-shot_eenadu_national_14.txt,ai
telugu,gemini_2_5_flash,zero-shot,eenadu_sports,2,telugu_gemini_2_5_flash_zero-shot_eenadu_sports_2.txt,articles_today/telugu_gemini_2_5_flash_zero-shot_eenadu_sports_2.txt,ai
telugu,gemini_2_5_flash,zero-shot,eenadu_business,2,telugu_gemini_2_5_flash_zero-shot_eenadu_business_2.txt,articles_today/telugu_gemini_2_5_flash_zero-shot_eenadu_business_2.txt,ai
telugu,gemini_2_5_flash,zero-shot,eenadu_cinema,3,telugu_gemini_2_5_flash_zero-shot_eenadu_cinema_3.txt,articles_today/telugu_gemini_2_5_flash_zero-shot_eenadu_cinema_3.txt,ai
telugu,gemini_2_5_flash,zero-shot,eenadu_national,4,telugu_gemini_2_5_flash_zero-shot_eenadu_national_4.txt,articles_today/telugu_gemini_2_5_flash_zero-shot_eenadu_national_4.txt,ai
telugu,gemini_2_5_flash,zero-shot,eenadu_cinema,6,telugu_gemini_2_5_flash_zero-shot_eenadu_cinema_6.txt,articles_today/telugu_gemini_2_5_flash_zero-shot_eenadu_cinema_6.txt,ai
telugu,gemini_2_5_flash,zero-shot,eenadu_crime,8,telugu_gemini_2_5_flash_zero-shot_eenadu_crime_8.txt,articles_today/telugu_gemini_2_5_flash_zero-shot_eenadu_crime_8.txt,ai
telugu,gemini_2_5_flash,zero-shot,eenadu_business,8,telugu_gemini_2_5_flash_zero-shot_eenadu_business_8.txt,articles_today/telugu_gemini_2_5_flash_zero-shot_eenadu_business_8.txt,ai
telugu,gemini_2_5_pro,zero-shot,eenadu_cinema,1,telugu_gemini_2_5_pro_zero-shot_eenadu_cinema_1.txt,articles_today/telugu_gemini_2_5_pro_zero-shot_eenadu_cinema_1.txt,ai
telugu,gemini_2_5_pro,zero-shot,eenadu_sports,10,telugu_gemini_2_5_pro_zero-shot_eenadu_sports_10.txt,articles_today/telugu_gemini_2_5_pro_zero-shot_eenadu_sports_10.txt,ai
telugu,gemini_2_5_pro,zero-shot,eenadu_business,10,telugu_gemini_2_5_pro_zero-shot_eenadu_business_10.txt,articles_today/telugu_gemini_2_5_pro_zero-shot_eenadu_business_10.txt,ai
telugu,gemini_2_5_pro,zero-shot,eenadu_national,12,telugu_gemini_2_5_pro_zero-shot_eenadu_national_12.txt,articles_today/telugu_gemini_2_5_pro_zero-shot_eenadu_national_12.txt,ai
telugu,gemini_2_5_pro,zero-shot,eenadu_national,2,telugu_gemini_2_5_pro_zero-shot_eenadu_national_2.txt,articles_today/telugu_gemini_2_5_pro_zero-shot_eenadu_national_2.txt,ai
telugu,gemini_2_5_pro,zero-shot,eenadu_national,3,telugu_gemini_2_5_pro_zero-shot_eenadu_national_3.txt,articles_today/telugu_gemini_2_5_pro_zero-shot_eenadu_national_3.txt,ai
telugu,gemini_2_5_pro,zero-shot,eenadu_business,3,telugu_gemini_2_5_pro_zero-shot_eenadu_business_3.txt,articles_today/telugu_gemini_2_5_pro_zero-shot_eenadu_business_3.txt,ai
telugu,gemini_2_5_pro,zero-shot,eenadu_national,4,telugu_gemini_2_5_pro_zero-shot_eenadu_national_4.txt,articles_today/telugu_gemini_2_5_pro_zero-shot_eenadu_national_4.txt,ai
telugu,gemini_2_5_pro,zero-shot,eenadu_sports,4,telugu_gemini_2_5_pro_zero-shot_eenadu_sports_4.txt,articles_today/telugu_gemini_2_5_pro_zero-shot_eenadu_sports_4.txt,ai
telugu,gemini_2_5_pro,zero-shot,eenadu_business,8,telugu_gemini_2_5_pro_zero-shot_eenadu_business_8.txt,articles_today/telugu_gemini_2_5_pro_zero-shot_eenadu_business_8.txt,ai
telugu,gemma_3_12b_it,zero-shot,eenadu_cinema,1,telugu_gemma_3_12b_it_zero-shot_eenadu_cinema_1.txt,articles_today/telugu_gemma_3_12b_it_zero-shot_eenadu_cinema_1.txt,ai
telugu,gemma_3_12b_it,zero-shot,eenadu_national,10,telugu_gemma_3_12b_it_zero-shot_eenadu_national_10.txt,articles_today/telugu_gemma_3_12b_it_zero-shot_eenadu_national_10.txt,ai
telugu,gemma_3_12b_it,zero-shot,eenadu_sports,14,telugu_gemma_3_12b_it_zero-shot_eenadu_sports_14.txt,articles_today/telugu_gemma_3_12b_it_zero-shot_eenadu_sports_14.txt,ai
telugu,gemma_3_12b_it,zero-shot,eenadu_crime,3,telugu_gemma_3_12b_it_zero-shot_eenadu_crime_3.txt,articles_today/telugu_gemma_3_12b_it_zero-shot_eenadu_crime_3.txt,ai
telugu,gemma_3_12b_it,zero-shot,eenadu_business,4,telugu_gemma_3_12b_it_zero-shot_eenadu_business_4.txt,articles_today/telugu_gemma_3_12b_it_zero-shot_eenadu_business_4.txt,ai
telugu,gemma_3_12b_it,zero-shot,eenadu_sports,5,telugu_gemma_3_12b_it_zero-shot_eenadu_sports_5.txt,articles_today/telugu_gemma_3_12b_it_zero-shot_eenadu_sports_5.txt,ai
telugu,gemma_3_12b_it,zero-shot,eenadu_national,7,telugu_gemma_3_12b_it_zero-shot_eenadu_national_7.txt,articles_today/telugu_gemma_3_12b_it_zero-shot_eenadu_national_7.txt,ai
telugu,gemma_3_12b_it,zero-shot,eenadu_business,7,telugu_gemma_3_12b_it_zero-shot_eenadu_business_7.txt,articles_today/telugu_gemma_3_12b_it_zero-shot_eenadu_business_7.txt,ai
telugu,gemma_3_12b_it,zero-shot,eenadu_national,9,telugu_gemma_3_12b_it_zero-shot_eenadu_national_9.txt,articles_today/telugu_gemma_3_12b_it_zero-shot_eenadu_national_9.txt,ai
telugu,gemma_3_12b_it,zero-shot,eenadu_cinema,9,telugu_gemma_3_12b_it_zero-shot_eenadu_cinema_9.txt,articles_today/telugu_gemma_3_12b_it_zero-shot_eenadu_cinema_9.txt,ai
telugu,gpt_4o,zero-shot,eenadu_cinema,00591,telugu_gpt_4o_zero-shot_eenadu_cinema_00591.txt,articles_today/telugu_gpt_4o_zero-shot_eenadu_cinema_00591.txt,ai
telugu,gpt_4o,zero-shot,eenadu_cinema,03831,telugu_gpt_4o_zero-shot_eenadu_cinema_03831.txt,articles_today/telugu_gpt_4o_zero-shot_eenadu_cinema_03831.txt,ai
telugu,gpt_4o,zero-shot,eenadu_business,03881,telugu_gpt_4o_zero-shot_eenadu_business_03881.txt,articles_today/telugu_gpt_4o_zero-shot_eenadu_business_03881.txt,ai
telugu,gpt_4o,zero-shot,eenadu_sports,04081,telugu_gpt_4o_zero-shot_eenadu_sports_04081.txt,articles_today/telugu_gpt_4o_zero-shot_eenadu_sports_04081.txt,ai
telugu,gpt_4o,zero-shot,eenadu_national,04588,telugu_gpt_4o_zero-shot_eenadu_national_04588.txt,articles_today/telugu_gpt_4o_zero-shot_eenadu_national_04588.txt,ai
telugu,gpt_4o,zero-shot,eenadu_national,07119,telugu_gpt_4o_zero-shot_eenadu_national_07119.txt,articles_today/telugu_gpt_4o_zero-shot_eenadu_national_07119.txt,ai
telugu,gpt_4o,zero-shot,eenadu_sports,15,telugu_gpt_4o_zero-shot_eenadu_sports_15.txt,articles_today/telugu_gpt_4o_zero-shot_eenadu_sports_15.txt,ai
telugu,gpt_4o,zero-shot,eenadu_sports,3,telugu_gpt_4o_zero-shot_eenadu_sports_3.txt,articles_today/telugu_gpt_4o_zero-shot_eenadu_sports_3.txt,ai
telugu,gpt_4o,zero-shot,eenadu_crime,4,telugu_gpt_4o_zero-shot_eenadu_crime_4.txt,articles_today/telugu_gpt_4o_zero-shot_eenadu_crime_4.txt,ai
telugu,gpt_4o,zero-shot,eenadu_sports,7,telugu_gpt_4o_zero-shot_eenadu_sports_7.txt,articles_today/telugu_gpt_4o_zero-shot_eenadu_sports_7.txt,ai
telugu,mistralai_Mistral_7B_Instruct_v0_2,zero-shot,eenadu_cinema,00814,telugu_mistralai_Mistral_7B_Instruct_v0_2_zero-shot_eenadu_cinema_00814.txt,articles_today/telugu_mistralai_Mistral_7B_Instruct_v0_2_zero-shot_eenadu_cinema_00814.txt,ai
telugu,mistralai_Mistral_7B_Instruct_v0_2,zero-shot,eenadu_sports,03056,telugu_mistralai_Mistral_7B_Instruct_v0_2_zero-shot_eenadu_sports_03056.txt,articles_today/telugu_mistralai_Mistral_7B_Instruct_v0_2_zero-shot_eenadu_sports_03056.txt,ai
telugu,mistralai_Mistral_7B_Instruct_v0_2,zero-shot,eenadu_sports,03156,telugu_mistralai_Mistral_7B_Instruct_v0_2_zero-shot_eenadu_sports_03156.txt,articles_today/telugu_mistralai_Mistral_7B_Instruct_v0_2_zero-shot_eenadu_sports_03156.txt,ai
telugu,mistralai_Mistral_7B_Instruct_v0_2,zero-shot,eenadu_sports,03212,telugu_mistralai_Mistral_7B_Instruct_v0_2_zero-shot_eenadu_sports_03212.txt,articles_today/telugu_mistralai_Mistral_7B_Instruct_v0_2_zero-shot_eenadu_sports_03212.txt,ai
telugu,mistralai_Mistral_7B_Instruct_v0_2,zero-shot,eenadu_business,04414,telugu_mistralai_Mistral_7B_Instruct_v0_2_zero-shot_eenadu_business_04414.txt,articles_today/telugu_mistralai_Mistral_7B_Instruct_v0_2_zero-shot_eenadu_business_04414.txt,ai
telugu,mistralai_Mistral_7B_Instruct_v0_2,zero-shot,eenadu_national,06703,telugu_mistralai_Mistral_7B_Instruct_v0_2_zero-shot_eenadu_national_06703.txt,articles_today/telugu_mistralai_Mistral_7B_Instruct_v0_2_zero-shot_eenadu_national_06703.txt,ai
telugu,mistralai_Mistral_7B_Instruct_v0_2,zero-shot,eenadu_sports,07081,telugu_mistralai_Mistral_7B_Instruct_v0_2_zero-shot_eenadu_sports_07081.txt,articles_today/telugu_mistralai_Mistral_7B_Instruct_v0_2_zero-shot_eenadu_sports_07081.txt,ai
telugu,mistralai_Mistral_7B_Instruct_v0_2,zero-shot,eenadu_cinema,07098,telugu_mistralai_Mistral_7B_Instruct_v0_2_zero-shot_eenadu_cinema_07098.txt,articles_today/telugu_mistralai_Mistral_7B_Instruct_v0_2_zero-shot_eenadu_cinema_07098.txt,ai
telugu,mistralai_Mistral_7B_Instruct_v0_2,zero-shot,eenadu_business,3,telugu_mistralai_Mistral_7B_Instruct_v0_2_zero-shot_eenadu_business_3.txt,articles_today/telugu_mistralai_Mistral_7B_Instruct_v0_2_zero-shot_eenadu_business_3.txt,ai
telugu,mistralai_Mistral_7B_Instruct_v0_2,zero-shot,eenadu_national,7,telugu_mistralai_Mistral_7B_Instruct_v0_2_zero-shot_eenadu_national_7.txt,articles_today/telugu_mistralai_Mistral_7B_Instruct_v0_2_zero-shot_eenadu_national_7.txt,ai
